user_id,anime_id,rating
1,20,-1
1,24,-1
1,79,-1
1,226,-1
1,241,-1
1,355,-1
1,356,-1
1,442,-1
1,487,-1
1,846,-1
1,936,-1
1,1546,-1
1,1692,-1
1,1836,-1
1,2001,-1
1,2025,-1
1,2144,-1
1,2787,-1
1,2993,-1
1,3455,-1
1,4063,-1
1,4214,-1
1,4224,-1
1,4581,-1
1,4744,-1
1,4898,-1
1,4999,-1
1,5034,-1
1,5277,-1
1,5667,-1
1,5781,-1
1,5958,-1
1,6163,-1
1,6205,-1
1,6324,-1
1,6500,-1
1,6547,-1
1,6682,-1
1,6707,-1
1,6747,-1
1,6773,-1
1,6793,-1
1,7088,-1
1,7148,-1
1,7593,-1
1,7739,-1
1,7858,-1
1,8074,10
1,8407,-1
1,8424,-1
1,8525,-1
1,8630,-1
1,8841,-1
1,9041,-1
1,9062,-1
1,9136,-1
1,9181,-1
1,9330,-1
1,9367,-1
1,9515,-1
1,9581,-1
1,9675,-1
1,9750,-1
1,9790,-1
1,9919,-1
1,10067,-1
1,10073,-1
1,10076,-1
1,10079,-1
1,10080,-1
1,10209,-1
1,10578,-1
1,10604,-1
1,10719,-1
1,10790,-1
1,10793,-1
1,10794,-1
1,10805,-1
1,10897,-1
1,11161,-1
1,11266,-1
1,11617,10
1,11737,-1
1,11757,10
1,11759,-1
1,11771,-1
1,12293,-1
1,12549,-1
1,12729,-1
1,13357,-1
1,13367,-1
1,13411,-1
1,13561,-1
1,13663,-1
1,13759,-1
1,14749,-1
1,14813,-1
1,14833,-1
1,14967,-1
1,15117,-1
1,15437,-1
1,15451,10
1,15583,-1
1,15609,-1
1,16011,-1
1,16498,-1
1,16706,-1
1,17265,-1
1,17729,-1
1,18247,-1
1,18277,-1
1,18753,-1
1,18897,-1
1,19163,-1
1,19221,-1
1,19285,-1
1,19429,-1
1,19815,-1
1,20045,-1
1,20785,-1
1,20787,-1
1,21033,-1
1,21881,-1
1,22147,-1
1,22199,-1
1,22319,-1
1,22535,-1
1,22547,-1
1,22663,-1
1,22877,-1
1,23233,-1
1,23321,-1
1,23847,-1
1,24133,-1
1,24455,-1
1,24873,-1
1,25099,-1
1,25157,-1
1,25159,-1
1,25283,-1
1,25397,-1
1,26243,-1
1,27775,-1
1,27899,-1
1,28121,-1
1,28677,-1
1,29093,-1
1,29095,-1
1,30015,-1
1,30296,-1
1,30544,-1
1,31338,-1
1,31845,-1
2,11771,10
2,12189,-1
2,16417,-1
3,20,8
3,154,6
3,170,9
3,199,10
3,225,9
3,341,6
3,430,7
3,527,7
3,552,7
3,813,10
3,1119,7
3,1121,7
3,1122,7
3,1132,8
3,1292,6
3,1313,8
3,1526,7
3,1535,10
3,1564,7
3,1689,8
3,1764,6
3,1943,8
3,2201,7
3,2404,7
3,2847,7
3,3588,8
3,4026,7
3,5114,10
3,5231,8
3,6178,7
3,6702,8
3,6880,6
3,7695,7
3,8074,6
3,9107,6
3,9135,7
3,9760,9
3,9917,8
3,9919,8
3,9989,10
3,10408,7
3,10507,8
3,11111,8
3,11703,6
3,11737,7
3,11757,9
3,11759,7
3,11771,10
3,12671,3
3,14075,8
3,14093,7
3,14345,8
3,14513,10
3,16498,10
3,16512,5
3,16782,7
3,16894,10
3,16918,8
3,17265,7
3,18097,7
3,18115,10
3,18393,7
3,19315,3
3,19815,9
3,20021,5
3,20159,10
3,20507,8
3,20583,9
3,21507,6
3,21881,7
3,22199,8
3,22297,8
3,22319,6
3,22547,6
3,22729,7
3,23301,8
3,23321,6
3,23333,4
3,23755,8
3,24415,10
3,26243,6
3,27631,8
3,27899,8
3,28121,9
3,28171,10
3,28223,6
3,28497,7
3,28701,9
3,28891,9
3,29854,6
3,30276,-1
3,30503,-1
3,31043,10
3,31859,7
4,6,-1
4,72,-1
4,121,-1
4,150,-1
4,166,-1
4,205,-1
4,226,-1
4,857,-1
4,1292,-1
4,1498,-1
4,1535,-1
4,1691,-1
4,2025,-1
4,2966,-1
4,2993,-1
4,3588,-1
4,4063,-1
4,4214,-1
4,4970,-1
4,5341,-1
4,6347,-1
4,6547,-1
4,6702,-1
4,6747,-1
4,7088,-1
4,8525,-1
4,9919,-1
4,10165,-1
4,10620,-1
4,11757,-1
4,14513,-1
4,14765,-1
4,16009,-1
4,16498,-1
4,16742,-1
4,16890,-1
4,17265,-1
4,17505,-1
4,17777,-1
4,18115,-1
4,18153,-1
4,18229,-1
4,18507,-1
4,18679,-1
4,19769,-1
4,20053,-1
4,20431,-1
4,20689,-1
4,20931,-1
4,20973,-1
4,21067,-1
4,21085,-1
5,6,8
5,15,6
5,17,6
5,18,6
5,20,6
5,22,5
5,24,1
5,30,1
5,45,7
5,47,8
5,57,7
5,63,1
5,67,6
5,68,6
5,132,6
5,136,8
5,137,8
5,138,6
5,139,6
5,150,2
5,152,4
5,166,6
5,170,6
5,174,5
5,185,6
5,186,6
5,189,1
5,190,1
5,195,4
5,199,8
5,205,8
5,223,6
5,225,1
5,232,3
5,240,4
5,241,1
5,245,10
5,248,1
5,249,1
5,250,5
5,263,7
5,264,8
5,265,7
5,268,7
5,269,3
5,272,5
5,288,2
5,292,7
5,335,3
5,344,7
5,371,3
5,379,6
5,390,3
5,392,7
5,406,6
5,442,4
5,443,4
5,448,3
5,481,3
5,482,5
5,487,1
5,508,3
5,517,3
5,527,6
5,528,7
5,534,7
5,550,2
5,552,7
5,709,6
5,760,2
5,761,5
5,813,5
5,846,1
5,861,2
5,874,7
5,896,4
5,898,5
5,903,1
5,905,6
5,914,7
5,918,9
5,936,5
5,981,5
5,987,2
5,1117,7
5,1132,5
5,1138,5
5,1195,1
5,1210,4
5,1253,7
5,1254,7
5,1257,7
5,1313,6
5,1469,5
5,1535,4
5,1559,5
5,1564,5
5,1614,5
5,1668,2
5,1669,2
5,1674,5
5,1685,-1
5,1689,7
5,1764,6
5,1840,1
5,1887,3
5,1913,8
5,1956,2
5,2034,3
5,2104,1
5,2116,5
5,2144,1
5,2159,7
5,2236,8
5,2248,5
5,2330,5
5,2363,6
5,2397,7
5,2398,7
5,2400,6
5,2418,9
5,2424,3
5,2472,5
5,2508,3
5,2594,8
5,2605,7
5,2684,6
5,2789,1
5,2907,5
5,2961,6
5,2962,6
5,2993,2
5,3228,7
5,3455,2
5,3503,1
5,3515,7
5,3588,5
5,3655,5
5,3702,9
5,3712,1
5,3887,7
5,3974,5
5,4015,1
5,4052,5
5,4063,2
5,4106,-1
5,4214,2
5,4224,3
5,4437,5
5,4472,3
5,4548,5
5,4654,6
5,4667,1
5,4760,1
5,4975,1
5,4999,5
5,5040,8
5,5042,1
5,5081,-1
5,5251,8
5,5258,8
5,5277,1
5,5279,2
5,5526,6
5,5667,2
5,5680,1
5,5681,6
5,5958,2
5,6098,5
5,6201,2
5,6211,8
5,6324,2
5,6325,5
5,6347,1
5,6377,7
5,6385,6
5,6512,2
5,6547,3
5,6695,5
5,6702,4
5,6746,7
5,6791,1
5,6885,3
5,6956,2
5,6974,6
5,7088,1
5,7148,1
5,7593,1
5,7647,8
5,7661,8
5,7674,5
5,7720,7
5,7762,7
5,7769,2
5,7791,2
5,7817,2
5,7858,1
5,8074,2
5,8277,3
5,8302,2
5,8407,1
5,8408,7
5,8424,4
5,8457,5
5,8516,1
5,8525,3
5,8619,2
5,8675,6
5,8769,1
5,8841,5
5,9041,2
5,9074,8
5,9181,1
5,9220,5
5,9253,9
5,9355,1
5,9367,1
5,9379,5
5,9471,1
5,9479,7
5,9741,2
5,9919,4
5,9936,2
5,9969,9
5,9981,5
5,9989,7
5,10020,1
5,10030,5
5,10080,3
5,10108,1
5,10110,3
5,10119,7
5,10162,7
5,10163,7
5,10172,1
5,10209,5
5,10216,6
5,10396,4
5,10397,1
5,10521,4
5,10589,4
5,10638,5
5,10719,7
5,10790,6
5,10805,5
5,10863,8
5,10897,3
5,11013,1
5,11113,7
5,11179,5
5,11319,1
5,11371,3
5,11433,5
5,11499,5
5,11577,9
5,11597,-1
5,11617,2
5,11633,7
5,11757,1
5,11759,3
5,11761,4
5,11785,3
5,11813,5
5,11843,8
5,11853,6
5,12069,7
5,12189,5
5,12431,8
5,12445,4
5,12447,4
5,12467,5
5,12549,2
5,12581,3
5,12673,5
5,12729,1
5,13055,5
5,13093,5
5,13161,1
5,13201,5
5,13333,5
5,13357,2
5,13367,2
5,13403,1
5,13479,6
5,13535,7
5,13659,1
5,13663,2
5,13759,3
5,13851,1
5,14027,2
5,14189,3
5,14199,1
5,14227,2
5,14349,6
5,14467,5
5,14513,7
5,14527,4
5,14669,7
5,14685,4
5,14719,9
5,14741,4
5,14749,2
5,14813,3
5,14833,-1
5,14967,3
5,15039,7
5,15059,6
5,15225,3
5,15315,5
5,15335,10
5,15379,5
5,15417,8
5,15437,5
5,15451,1
5,15565,4
5,15583,3
5,15609,1
5,15729,1
5,15771,8
5,15775,7
5,15809,7
5,16011,2
5,16067,5
5,16241,7
5,16353,1
5,16417,3
5,16444,5
5,16592,5
5,16636,5
5,16694,5
5,16706,2
5,16742,5
5,16782,7
5,16866,2
5,16894,5
5,16918,7
5,17157,1
5,17247,2
5,17265,8
5,17505,6
5,17641,2
5,17729,1
5,17741,2
5,17777,1
5,17827,1
5,17875,5
5,17895,4
5,18001,4
5,18039,2
5,18095,3
5,18115,7
5,18139,4
5,18153,5
5,18179,6
5,18229,5
5,18247,1
5,18277,2
5,18441,7
5,18465,2
5,18497,5
5,18671,4
5,18677,3
5,18689,8
5,18753,3
5,18857,1
5,18897,2
5,19023,2
5,19163,2
5,19221,7
5,19363,6
5,19365,5
5,19369,3
5,19647,8
5,19769,3
5,19799,1
5,19815,1
5,19953,4
5,20031,5
5,20045,1
5,20047,1
5,20053,3
5,20057,8
5,20159,7
5,20431,6
5,20457,1
5,20507,6
5,20541,1
5,20545,3
5,20583,8
5,20689,3
5,20767,7
5,20785,1
5,20787,3
5,20847,6
5,20853,3
5,20899,8
5,20931,1
5,20939,6
5,20973,5
5,20977,3
5,21033,1
5,21085,4
5,21185,5
5,21189,3
5,21327,6
5,21405,4
5,21431,3
5,21507,1
5,21561,3
5,21587,5
5,21603,3
5,21647,5
5,21781,3
5,21863,6
5,22147,6
5,22199,4
5,22319,2
5,22535,7
5,22789,8
5,23079,2
5,23199,7
5,23233,1
5,23251,7
5,23273,8
5,23277,4
5,23289,5
5,23309,1
5,23447,5
5,23755,7
5,23847,4
5,24135,5
5,24171,5
5,24175,4
5,24627,5
5,24781,6
5,24873,1
5,24913,4
5,25157,1
5,25159,2
5,25183,6
5,25303,-1
5,25397,2
5,25429,1
5,25635,7
5,26055,8
5,26349,6
5,26441,6
5,27899,2
5,28121,6
5,28297,5
5,28677,5
5,28819,2
5,28891,9
5,28907,5
5,29027,2
5,29035,1
5,29317,4
5,29785,2
5,29786,3
5,29803,8
5,30831,8
5,31240,8
5,31636,-1
5,31722,7
5,31964,-1
5,32182,9
5,32828,7
6,20,-1
6,59,-1
6,228,-1
6,317,-1
6,1311,-1
6,1535,-1
6,1594,-1
6,1726,-1
6,1818,-1
6,2994,-1
6,3713,-1
6,4999,-1
6,6045,-1
6,6547,-1
6,6880,-1
6,7054,-1
6,7059,-1
6,8074,-1
6,8425,-1
6,8525,-1
6,9515,-1
6,9656,-1
6,10067,-1
6,10080,-1
6,10418,-1
6,10504,-1
6,10719,-1
6,10800,-1
6,10897,-1
6,11285,-1
6,12079,-1
6,12893,-1
6,14027,-1
6,14397,-1
6,14967,-1
6,16317,-1
6,19285,-1
7,22,7
7,30,10
7,31,9
7,32,9
7,59,7
7,64,8
7,65,7
7,111,8
7,121,8
7,136,8
7,139,7
7,170,9
7,210,9
7,223,9
7,225,7
7,232,8
7,245,8
7,249,8
7,270,9
7,339,9
7,357,8
7,407,8
7,435,8
7,482,9
7,508,7
7,530,8
7,532,8
7,534,9
7,535,8
7,552,9
7,568,8
7,740,8
7,813,9
7,849,7
7,934,9
7,996,8
7,1138,8
7,1172,8
7,1253,7
7,1254,8
7,1257,7
7,1259,7
7,1313,8
7,1535,9
7,1563,8
7,1575,9
7,1719,7
7,1887,8
7,1889,9
7,2012,8
7,2026,9
7,2116,9
7,2131,8
7,2167,9
7,2213,9
7,2237,6
7,2759,9
7,2899,8
7,2904,9
7,2993,7
7,2994,8
7,3086,8
7,3455,7
7,3515,7
7,3652,8
7,3702,7
7,3784,8
7,3785,9
7,4028,8
7,4059,9
7,4181,9
7,4192,9
7,4214,7
7,4382,4
7,4472,7
7,4654,9
7,4896,10
7,4975,9
7,5231,8
7,5233,8
7,5521,8
7,5667,7
7,5958,8
7,6166,6
7,6205,8
7,6213,7
7,6351,8
7,6811,8
7,6956,7
7,7148,6
7,7858,7
7,8277,6
7,8407,7
7,8424,7
7,8460,7
7,8525,8
7,8769,8
7,8861,7
7,8876,7
7,8937,9
7,9032,7
7,9041,8
7,9047,8
7,9063,7
7,9181,7
7,9367,5
7,9479,8
7,9618,7
7,9675,7
7,9756,8
7,9790,7
7,9958,9
7,10020,8
7,10076,8
7,10080,7
7,10110,6
7,10456,7
7,10491,8
7,10507,7
7,10521,7
7,10588,7
7,10620,8
7,10719,8
7,10794,7
7,10805,6
7,10897,7
7,11061,9
7,11179,8
7,11617,6
7,11633,8
7,11743,8
7,11757,8
7,11759,8
7,11763,7
7,11933,8
7,11977,8
7,11979,8
7,11981,9
7,12467,7
7,12729,7
7,12783,8
7,12967,7
7,13093,7
7,13261,7
7,13357,5
7,13587,9
7,13659,7
7,13663,8
7,13851,7
7,13939,7
7,14027,6
7,14407,8
7,14653,10
7,14741,7
7,14749,7
7,14833,8
7,14967,7
7,15117,8
7,15225,7
7,15377,6
7,15379,8
7,15411,7
7,15451,8
7,15583,7
7,15687,5
7,15809,7
7,15879,6
7,15911,6
7,16011,8
7,16049,9
7,16157,7
7,16512,4
7,16700,8
7,16706,9
7,16742,6
7,16762,7
7,16934,7
7,16982,10
7,17247,7
7,17265,9
7,17513,7
7,17641,7
7,17725,7
7,17729,8
7,17777,7
7,17875,8
7,18001,5
7,18039,7
7,18041,7
7,18095,7
7,18097,7
7,18139,8
7,18153,8
7,18247,8
7,18277,8
7,18441,8
7,18671,6
7,18677,6
7,18679,8
7,18857,7
7,18893,7
7,18897,8
7,19151,6
7,19163,8
7,19221,7
7,19315,5
7,19367,6
7,19369,8
7,19769,5
7,19815,10
7,19855,7
7,20021,5
7,20031,8
7,20033,6
7,20045,7
7,20047,8
7,20159,10
7,20457,6
7,20479,8
7,20507,8
7,20541,7
7,20545,6
7,20689,9
7,20767,7
7,20919,6
7,20931,7
7,20939,8
7,20977,8
7,21033,8
7,21085,8
7,21177,9
7,21325,6
7,21473,7
7,21511,5
7,21541,7
7,21653,8
7,21679,7
7,21881,6
7,22057,7
7,22071,7
7,22273,8
7,22547,6
7,22663,7
7,22961,7
7,23153,7
7,23227,7
7,23233,7
7,23289,8
7,23321,7
7,23383,8
7,23421,9
7,23427,7
7,23755,8
7,23945,5
7,24037,7
7,24075,6
7,24133,6
7,24135,8
7,24227,6
7,24365,8
7,24543,7
7,24655,8
7,24703,7
7,24713,8
7,24765,8
7,24873,5
7,25157,7
7,25159,8
7,25283,8
7,25397,8
7,25429,8
7,25687,8
7,25689,6
7,26349,7
7,26351,7
7,27775,8
7,27787,6
7,27829,8
7,28121,7
7,28179,6
7,28215,8
7,28285,7
7,28391,6
7,28497,9
7,28713,8
7,28819,6
7,28825,7
7,28907,7
7,28979,6
7,28999,7
7,29027,7
7,29067,7
7,29163,8
7,29589,8
7,29785,5
7,29786,6
7,29803,8
7,30276,8
7,30296,8
7,30300,7
7,30307,6
7,30321,7
7,30347,8
7,30363,7
7,30365,7
7,30379,5
7,30384,7
7,30503,8
7,30544,8
7,30740,8
7,30749,7
7,30831,8
7,30885,7
7,30991,7
7,31043,9
7,31149,8
7,31156,7
7,31338,6
7,31404,7
7,31439,5
7,31442,5
7,31560,7
7,31630,5
7,31637,7
7,31704,8
7,31716,8
7,31737,7
7,31845,5
7,31859,7
7,31867,7
7,31914,6
7,31952,6
7,31953,7
7,31980,6
7,32093,8
7,32108,7
7,32171,5
7,32215,7
7,32360,7
7,32380,4
7,32553,5
7,33091,8
7,33341,7
8,269,9
8,355,9
8,6702,10
8,7088,5
8,7593,9
8,8630,8
8,10620,6
8,10793,10
8,11241,7
8,11757,9
8,13759,9
8,15583,9
9,1887,8
10,20,-1
10,1535,-1
10,2581,-1
10,5114,10
10,9253,-1
10,11757,9
10,16498,-1
10,21881,9
11,30,5
11,43,7
11,44,7
11,54,-1
11,59,7
11,61,4
11,104,9
11,120,6
11,121,7
11,122,6
11,143,7
11,149,5
11,164,8
11,177,7
11,199,10
11,202,9
11,232,6
11,243,4
11,249,9
11,270,-1
11,338,10
11,357,7
11,416,10
11,430,6
11,431,8
11,440,10
11,441,9
11,449,6
11,450,7
11,451,6
11,452,9
11,497,7
11,512,5
11,513,9
11,522,7
11,523,8
11,528,7
11,530,7
11,531,7
11,532,7
11,543,6
11,565,6
11,572,7
11,578,10
11,589,9
11,597,7
11,687,4
11,723,7
11,740,7
11,759,8
11,790,8
11,853,7
11,855,6
11,879,7
11,934,8
11,996,7
11,997,7
11,1002,7
11,1032,8
11,1060,8
11,1117,9
11,1118,8
11,1239,7
11,1240,7
11,1709,6
11,1889,8
11,2167,7
11,2313,10
11,2685,6
11,2847,6
11,2890,6
11,3577,6
11,3652,6
11,3702,9
11,4059,7
11,4181,8
11,4896,6
11,4898,6
11,5030,6
11,5060,7
11,5114,8
11,6164,6
11,6280,7
11,6351,9
11,6707,4
11,6747,7
11,6811,8
11,7593,8
11,7674,7
11,9253,7
11,9756,7
11,10030,7
11,11757,8
11,12355,9
11,12365,7
11,13599,5
11,13601,8
11,16498,9
11,18153,9
11,18507,7
11,18679,9
11,20159,8
11,21241,8
11,21339,8
11,21881,8
11,22145,7
11,22265,9
11,23251,9
11,23281,9
11,25015,8
11,28675,8
11,30276,8
12,223,8
12,225,6
12,302,9
12,392,9
12,813,9
12,853,9
12,877,9
12,1535,10
12,1562,9
12,1575,10
12,2025,9
12,2904,10
12,4182,7
12,5114,9
12,6033,9
12,6573,9
12,7338,9
12,8074,6
12,8888,9
12,9253,10
12,11757,9
12,16498,10
13,1,-1
13,5,-1
13,6,-1
13,19,-1
13,25,-1
13,30,-1
13,32,-1
13,43,-1
13,47,-1
13,114,-1
13,164,-1
13,198,-1
13,199,-1
13,205,-1
13,227,-1
13,239,-1
13,245,-1
13,270,-1
13,323,-1
13,330,-1
13,339,-1
13,431,-1
13,437,-1
13,486,-1
13,527,-1
13,543,-1
13,552,-1
13,570,-1
13,658,-1
13,777,-1
13,790,-1
13,849,-1
13,875,-1
13,889,-1
13,958,-1
13,974,-1
13,1050,-1
13,1132,-1
13,1192,-1
13,1210,-1
13,1246,-1
13,1292,-1
13,1313,-1
13,1379,-1
13,1519,-1
13,1535,-1
13,1571,-1
13,1774,-1
13,1943,-1
13,1980,-1
13,2001,-1
13,2154,-1
13,2175,-1
13,2236,-1
13,2246,-1
13,2251,-1
13,2385,-1
13,2386,-1
13,2418,-1
13,2759,-1
13,2890,-1
13,2961,-1
13,2985,-1
13,3002,-1
13,3087,-1
13,3702,-1
13,3784,-1
13,3901,-1
13,4087,-1
13,4898,-1
13,4901,-1
13,4970,-1
13,4975,-1
13,4983,-1
13,5040,-1
13,5081,-1
13,5681,-1
13,6030,-1
13,6162,-1
13,6347,-1
13,6675,-1
13,6707,-1
13,6746,-1
13,6774,-1
13,7148,-1
13,7647,-1
13,7724,-1
13,7762,-1
13,8074,-1
13,8302,-1
13,8408,-1
13,8424,-1
13,8440,-1
13,8726,-1
13,8795,-1
13,9074,-1
13,9253,-1
13,9479,-1
13,9515,-1
13,9756,-1
13,9834,-1
13,10087,-1
13,10163,-1
13,10191,-1
13,10216,-1
13,10271,-1
13,10357,-1
13,10389,-1
13,10396,-1
13,10711,-1
13,10721,-1
13,10739,-1
13,10793,-1
13,10798,-1
13,10845,-1
13,10893,-1
13,10924,-1
13,11531,-1
13,11843,-1
13,11977,-1
13,11979,-1
13,11981,-1
13,12413,-1
13,12623,-1
13,12883,-1
13,12893,-1
13,13053,-1
13,13331,-1
13,13411,-1
13,13535,-1
13,13601,-1
13,14131,-1
13,14345,-1
13,14349,-1
13,14353,-1
13,14467,-1
13,14719,-1
13,15315,-1
13,15391,-1
13,16005,-1
13,16009,-1
13,16035,-1
13,16241,-1
13,16592,-1
13,16782,-1
13,17821,-1
13,18229,-1
13,18507,-1
13,18619,-1
13,18679,-1
13,19221,-1
13,19257,-1
13,19429,-1
13,19775,-1
13,20031,-1
13,20053,-1
13,20057,-1
13,20507,-1
13,20709,-1
13,20853,-1
13,20899,-1
13,21405,-1
13,21659,-1
13,21843,-1
13,22135,-1
13,22145,-1
13,22147,-1
13,22319,-1
13,22789,-1
13,23283,-1
13,23327,-1
13,26055,-1
13,27899,-1
13,28223,-1
14,133,6
14,135,8
14,177,8
14,392,8
14,433,9
14,587,8
14,969,7
14,1195,6
14,1689,9
14,1840,7
14,2129,8
14,2155,6
14,2167,7
14,2336,7
14,2685,8
14,2926,7
14,2927,6
14,2993,6
14,3229,6
14,3299,7
14,3712,6
14,4059,8
14,4181,9
14,4186,6
14,4214,6
14,4938,8
14,5081,9
14,5681,8
14,5734,7
14,5764,6
14,5958,7
14,6201,6
14,6347,8
14,6351,7
14,6408,8
14,6512,7
14,6547,9
14,6772,8
14,7590,7
14,7593,6
14,7817,5
14,8074,6
14,8407,7
14,8424,6
14,8514,8
14,8516,8
14,8525,8
14,8536,7
14,8676,7
14,8769,6
14,8861,5
14,8934,8
14,9041,7
14,9117,6
14,9252,8
14,9253,9
14,9465,8
14,9724,8
14,9790,8
14,9919,6
14,9925,6
14,10020,8
14,10080,8
14,10092,8
14,10110,7
14,10372,7
14,10408,8
14,10447,7
14,10568,7
14,10620,8
14,10793,8
14,10863,7
14,11179,7
14,11433,6
14,11597,7
14,11757,6
14,11771,7
14,11887,8
14,12175,7
14,13367,7
14,13659,7
14,14075,6
14,14293,8
14,14345,7
14,14749,7
14,14813,8
14,14833,6
14,15117,7
14,15225,6
14,15583,6
14,15689,8
14,15809,7
14,16011,7
14,16067,7
14,16397,8
14,16498,8
14,16592,6
14,16762,7
14,16782,8
14,17074,8
14,17121,9
14,17247,7
14,17265,9
14,17895,7
14,18153,7
14,18245,7
14,18277,8
14,18857,6
14,19117,9
14,19151,6
14,19221,7
14,19369,7
14,19769,4
14,19775,8
14,19815,8
14,20457,7
14,20507,8
14,20787,6
14,21431,6
14,21437,7
14,21863,7
14,22729,9
14,22839,9
15,2404,9
15,10620,-1
16,61,8
16,226,-1
16,357,5
16,819,-1
16,1222,9
16,1535,9
16,2167,8
16,4181,9
16,6547,8
16,7059,-1
16,11285,8
17,6,7
17,19,10
17,30,9
17,32,10
17,43,8
17,47,8
17,66,6
17,114,7
17,121,6
17,164,9
17,199,8
17,205,7
17,226,7
17,227,7
17,228,7
17,245,8
17,256,6
17,268,8
17,323,8
17,339,8
17,376,-1
17,413,1
17,430,6
17,431,8
17,437,9
17,468,8
17,486,9
17,543,7
17,570,8
17,578,9
17,664,5
17,756,-1
17,759,8
17,770,5
17,777,9
17,849,7
17,889,8
17,908,-1
17,932,5
17,934,9
17,949,8
17,1002,8
17,1004,5
17,1033,7
17,1056,5
17,1109,-1
17,1210,8
17,1379,8
17,1530,8
17,1535,10
17,1575,8
17,1593,-1
17,1689,9
17,1852,7
17,1889,10
17,1943,7
17,2001,10
17,2167,9
17,2175,7
17,2236,8
17,2251,9
17,2418,8
17,2476,3
17,2593,7
17,2605,7
17,2759,8
17,2832,-1
17,2899,-1
17,2904,8
17,2924,8
17,2951,-1
17,2953,-1
17,3002,9
17,3087,6
17,3165,-1
17,3167,9
17,3287,2
17,3328,-1
17,3352,-1
17,3455,7
17,3466,-1
17,3652,8
17,3759,-1
17,3782,7
17,3783,8
17,3784,9
17,3785,8
17,3901,-1
17,4059,-1
17,4081,8
17,4091,5
17,4106,8
17,4107,7
17,4181,10
17,4224,7
17,4280,7
17,4282,8
17,4382,5
17,4565,9
17,4654,8
17,4898,7
17,5040,8
17,5042,6
17,5081,8
17,5114,10
17,5177,7
17,5204,7
17,5205,8
17,5365,8
17,5415,-1
17,5667,-1
17,5680,6
17,5681,8
17,5682,6
17,5909,5
17,5947,-1
17,5955,-1
17,6064,-1
17,6114,9
17,6213,8
17,6347,7
17,6351,-1
17,6361,-1
17,6421,-1
17,6505,7
17,6547,9
17,6548,-1
17,6594,9
17,6628,-1
17,6675,8
17,6707,7
17,6746,7
17,6793,-1
17,6880,5
17,6954,6
17,7059,5
17,7311,9
17,7465,9
17,7593,6
17,7596,-1
17,7785,9
17,7791,5
17,7902,-1
17,8023,-1
17,8074,7
17,8100,7
17,8142,8
17,8187,7
17,8408,-1
17,8525,8
17,8676,8
17,8769,7
17,8795,7
17,8841,6
17,8857,-1
17,8861,5
17,8888,7
17,8937,8
17,9047,-1
17,9062,-1
17,9063,-1
17,9117,-1
17,9135,6
17,9181,8
17,9253,10
17,9479,3
17,9515,-1
17,9598,5
17,9675,-1
17,9733,-1
17,9734,-1
17,9756,9
17,9925,-1
17,9989,8
17,10020,-1
17,10067,-1
17,10080,8
17,10087,9
17,10165,9
17,10209,-1
17,10249,-1
17,10271,8
17,10396,5
17,10408,8
17,10417,4
17,10418,-1
17,10448,8
17,10470,-1
17,10477,-1
17,10491,4
17,10495,7
17,10519,-1
17,10620,7
17,10624,5
17,10711,8
17,10719,6
17,10739,-1
17,10790,7
17,10793,7
17,10805,-1
17,10863,-1
17,11111,8
17,11235,8
17,11483,-1
17,11499,7
17,11507,-1
17,11553,-1
17,11577,9
17,11583,-1
17,11597,8
17,11617,8
17,11633,7
17,11701,-1
17,11741,10
17,11743,7
17,11757,7
17,11771,9
17,11785,7
17,11809,6
17,11843,8
17,11887,7
17,11981,8
17,12029,8
17,12189,8
17,12355,9
17,12403,7
17,12467,5
17,12477,8
17,12503,-1
17,12531,9
17,12565,-1
17,12669,-1
17,12729,-1
17,12893,-1
17,13055,-1
17,13093,-1
17,13357,-1
17,13391,6
17,13411,-1
17,13429,-1
17,13469,-1
17,13601,8
17,13629,7
17,13639,5
17,13659,4
17,13663,8
17,13759,8
17,13807,-1
17,13851,-1
17,14027,-1
17,14045,5
17,14131,8
17,14349,7
17,14353,8
17,14355,5
17,14407,7
17,14513,8
17,14617,-1
17,14719,9
17,14741,7
17,14807,7
17,14813,5
17,14829,8
17,14853,6
17,14967,6
17,15037,6
17,15043,6
17,15051,8
17,15117,-1
17,15125,6
17,15197,7
17,15199,7
17,15201,7
17,15225,7
17,15437,-1
17,15451,7
17,15487,-1
17,15583,7
17,15689,8
17,15699,7
17,15809,8
17,15811,-1
17,15879,-1
17,15951,-1
17,16049,8
17,16149,5
17,16417,5
17,16498,9
17,16528,7
17,16694,-1
17,16700,6
17,16706,8
17,16726,6
17,16732,5
17,16742,6
17,16762,-1
17,16774,4
17,16782,7
17,16894,9
17,16916,-1
17,16934,-1
17,17068,-1
17,17074,9
17,17247,7
17,17265,7
17,17269,6
17,17341,-1
17,17351,-1
17,17549,9
17,17641,-1
17,17677,7
17,17679,5
17,17725,-1
17,17871,-1
17,17895,5
17,17901,-1
17,17949,-1
17,18095,6
17,18115,9
17,18121,6
17,18139,6
17,18153,5
17,18177,-1
17,18179,8
17,18245,9
17,18277,5
17,18397,-1
17,18441,-1
17,18617,9
17,18619,-1
17,18679,8
17,18713,-1
17,18851,-1
17,18857,-1
17,19023,4
17,19109,-1
17,19111,8
17,19133,6
17,19163,6
17,19165,-1
17,19221,8
17,19297,-1
17,19315,1
17,19365,5
17,19367,4
17,19369,7
17,19391,-1
17,19429,4
17,19489,7
17,19573,5
17,19669,-1
17,19685,5
17,19703,8
17,19759,-1
17,19799,7
17,19815,8
17,19855,3
17,20021,-1
17,20031,7
17,20035,-1
17,20047,6
17,20159,6
17,20365,-1
17,20391,-1
17,20449,-1
17,20457,7
17,20473,6
17,20507,8
17,20509,8
17,20541,6
17,20543,4
17,20583,8
17,20689,5
17,20709,7
17,20745,-1
17,20767,-1
17,20787,5
17,20853,7
17,20877,-1
17,20899,9
17,20903,6
17,20931,5
17,20939,-1
17,20965,6
17,20973,6
17,20977,-1
17,21067,5
17,21085,6
17,21189,6
17,21201,-1
17,21325,5
17,21327,7
17,21339,8
17,21353,3
17,21405,7
17,21415,-1
17,21421,2
17,21431,3
17,21473,7
17,21561,6
17,21603,4
17,21647,6
17,21659,-1
17,21667,-1
17,21809,6
17,21821,1
17,21843,8
17,21855,8
17,21863,7
17,21881,8
17,21995,7
17,22057,-1
17,22071,-1
17,22117,-1
17,22123,5
17,22135,10
17,22145,8
17,22147,8
17,22199,6
17,22297,9
17,22319,7
17,22335,-1
17,22535,8
17,22539,-1
17,22689,-1
17,22729,7
17,22759,-1
17,22789,8
17,22835,3
17,22847,-1
17,22865,5
17,22961,-1
17,23023,-1
17,23179,-1
17,23199,6
17,23225,8
17,23227,-1
17,23249,8
17,23251,6
17,23273,8
17,23277,8
17,23281,4
17,23283,7
17,23285,7
17,23289,8
17,23317,7
17,23321,4
17,23359,-1
17,23383,-1
17,23399,-1
17,23433,6
17,23619,-1
17,23623,8
17,23673,4
17,23697,-1
17,23735,-1
17,23755,9
17,23787,6
17,23831,-1
17,23847,7
17,23945,5
17,24031,7
17,24151,-1
17,24211,3
17,24231,6
17,24261,-1
17,24277,8
17,24365,-1
17,24415,9
17,24429,-1
17,24439,5
17,24451,-1
17,24475,-1
17,24543,8
17,24655,5
17,24695,-1
17,24703,5
17,24751,-1
17,24765,8
17,24821,-1
17,24823,-1
17,24833,8
17,24913,-1
17,24991,-1
17,24997,7
17,25011,-1
17,25015,5
17,25045,-1
17,25183,5
17,25241,-1
17,25271,-1
17,25519,8
17,25647,-1
17,25781,-1
17,25861,-1
17,25875,6
17,26023,-1
17,26055,9
17,26057,-1
17,26085,3
17,26165,6
17,26243,6
17,26349,7
17,26395,5
17,26441,5
17,27387,6
17,27503,4
17,27509,-1
17,27525,8
17,27631,6
17,27633,-1
17,27655,6
17,27775,6
17,27821,-1
17,27891,-1
17,27899,4
17,27911,5
17,27957,-1
17,28069,-1
17,28155,5
17,28171,8
17,28223,8
17,28227,-1
17,28249,7
17,28297,8
17,28405,-1
17,28423,7
17,28447,-1
17,28497,7
17,28619,4
17,28623,6
17,28677,7
17,28701,9
17,28805,9
17,28825,7
17,28861,5
17,28891,9
17,28907,7
17,28927,7
17,28999,5
17,29035,4
17,29067,5
17,29317,-1
17,29785,6
17,29786,7
17,29803,8
17,30015,8
17,30056,-1
17,30206,-1
17,30240,9
17,30276,9
17,30279,6
17,30300,-1
17,30307,7
17,30347,-1
17,30413,7
17,30445,-1
17,30503,7
17,30567,4
17,30831,8
17,30902,-1
17,31043,8
17,31056,-1
17,31138,-1
17,31149,7
17,31234,-1
17,31240,9
17,31326,-1
17,31389,-1
17,31404,5
17,31610,7
17,31645,-1
17,31704,-1
17,31772,-1
17,31798,6
17,31953,7
17,31964,8
17,32182,9
17,32188,-1
17,32215,-1
17,32282,8
17,32380,-1
17,32438,3
17,32467,-1
17,32485,-1
17,32542,7
17,32547,-1
17,32681,8
17,32729,5
17,32735,-1
17,32740,-1
17,32828,7
17,32935,9
17,32998,8
17,33091,8
17,33142,-1
17,33522,-1
17,33524,-1
17,33569,-1
17,33934,-1
17,34240,8
18,64,9
18,65,9
18,199,9
18,317,10
18,431,10
18,523,8
18,687,9
18,853,8
18,877,10
18,1535,10
18,1816,-1
18,2476,7
18,2952,10
18,2993,10
18,3457,9
18,4214,10
18,6880,8
18,10620,10
18,11111,10
18,12355,10
18,16762,7
18,21431,10
18,22199,-1
18,22319,10
18,27899,7
19,1,10
19,5,9
19,121,8
19,199,9
19,578,10
19,889,8
19,1033,7
19,1519,7
19,1535,5
19,1575,8
19,2236,9
19,3784,8
19,5114,9
19,5681,7
19,8142,10
19,9253,10
19,10408,8
19,10863,8
19,11577,9
19,12355,8
19,14353,9
20,193,8
20,243,9
20,249,10
20,325,8
20,819,10
20,853,10
20,1639,9
20,3375,10
20,5391,9
20,5680,10
20,6205,10
20,6500,10
20,6682,9
20,7739,10
20,8876,10
20,10073,10
20,10076,10
20,10620,10
20,12581,10
21,1,9
21,5,9
21,20,8
21,30,10
21,31,9
21,32,10
21,64,8
21,97,8
21,136,8
21,143,5
21,164,9
21,166,7
21,199,10
21,223,7
21,225,6
21,226,8
21,227,9
21,228,8
21,240,9
21,249,8
21,270,9
21,317,7
21,356,8
21,417,4
21,431,9
21,432,8
21,437,10
21,440,8
21,441,8
21,457,10
21,481,7
21,482,3
21,513,9
21,523,9
21,552,8
21,572,9
21,777,8
21,813,8
21,853,8
21,874,6
21,877,9
21,889,9
21,934,8
21,1004,9
21,1132,4
21,1212,7
21,1313,6
21,1361,7
21,1519,9
21,1535,10
21,1575,9
21,1637,6
21,1889,9
21,1943,10
21,2167,6
21,2251,10
21,2508,8
21,2621,6
21,2705,7
21,2709,6
21,2759,8
21,2890,9
21,2904,9
21,2994,8
21,3588,7
21,3784,8
21,3785,7
21,4181,8
21,4224,8
21,4898,8
21,5081,8
21,5114,9
21,6547,9
21,6811,8
21,6880,7
21,7059,8
21,7711,9
21,7724,9
21,8129,8
21,8525,9
21,8795,8
21,8861,6
21,9289,8
21,9479,5
21,9513,6
21,9756,10
21,9919,7
21,9989,9
21,10080,8
21,10162,8
21,10321,6
21,10418,8
21,10620,8
21,10893,8
21,10897,7
21,11111,8
21,11285,7
21,11597,7
21,11737,7
21,11771,8
21,11843,8
21,11977,9
21,11979,9
21,14073,6
21,14227,7
21,14889,7
21,15037,5
21,15605,6
21,15689,8
21,15809,7
21,16009,7
21,16067,9
21,16201,10
21,16498,8
21,16528,10
21,16592,7
21,16706,8
21,16732,6
21,16742,9
21,16866,7
21,17074,10
21,17513,6
21,17549,9
21,17777,6
21,17895,8
21,18139,8
21,18153,7
21,18245,8
21,18411,7
21,18465,7
21,18497,7
21,18507,7
21,18679,10
21,18897,8
21,19117,6
21,19159,7
21,19315,4
21,19367,4
21,19429,6
21,19703,8
21,19769,2
21,19775,8
21,19841,8
21,20033,8
21,20057,9
21,20423,7
21,20457,7
21,20507,7
21,20541,8
21,20543,8
21,20555,7
21,21085,8
21,21273,7
21,21325,7
21,21327,8
21,21431,5
21,21561,7
21,21603,6
21,21667,9
21,21679,6
21,21771,5
21,21995,8
21,22057,7
21,22071,7
21,22123,7
21,22273,5
21,22319,6
21,22535,8
21,23079,5
21,23209,6
21,23227,7
21,23273,9
21,23283,10
21,23289,8
21,23385,8
21,24713,8
21,24893,7
21,28297,8
21,31043,7
21,32491,9
22,457,10
22,853,10
22,1571,-1
22,2993,-1
22,3588,10
22,4898,-1
22,5630,-1
22,6347,-1
22,6372,-1
22,6547,10
22,6637,-1
22,6880,-1
22,7769,-1
22,20507,-1
23,1,9
23,5,10
23,45,10
23,48,9
23,96,10
23,223,10
23,245,10
23,249,9
23,257,9
23,288,10
23,298,8
23,392,10
23,400,10
23,449,9
23,450,9
23,451,9
23,452,8
23,469,10
23,481,10
23,482,10
23,527,10
23,530,10
23,532,10
23,552,10
23,687,10
23,696,10
23,740,10
23,763,10
23,764,10
23,813,10
23,857,9
23,874,10
23,1132,10
23,1210,10
23,1239,10
23,1264,10
23,1313,10
23,1502,10
23,1668,10
23,1669,10
23,1675,10
23,1816,10
23,2156,9
23,2961,10
23,2993,10
23,3791,9
23,4214,9
23,4719,10
23,5337,9
23,5781,10
23,5909,10
23,5958,9
23,6201,10
23,6633,10
23,6811,9
23,7148,10
23,7334,9
23,7593,9
23,7740,10
23,7858,10
23,8407,8
23,8456,10
23,8861,10
23,8918,10
23,9201,9
23,9790,7
23,10330,9
23,10464,10
23,10924,10
23,11005,9
23,12065,10
23,15963,10
24,30,8
24,66,9
24,72,7
24,226,7
24,227,8
24,270,9
24,357,8
24,376,8
24,659,9
24,777,9
24,934,-1
24,1593,9
24,1696,7
24,1887,7
24,2131,8
24,2759,8
24,2993,-1
24,3342,8
24,3784,8
24,3785,9
24,4472,-1
24,4654,7
24,5030,9
24,5081,-1
24,5680,9
24,6203,8
24,6547,9
24,6746,8
24,6974,6
24,7059,9
24,7748,8
24,8074,7
24,8795,8
24,8857,9
24,9014,6
24,9041,7
24,9515,5
24,9756,10
24,10067,8
24,10165,-1
24,10490,8
24,10495,9
24,10794,7
24,11079,8
24,11111,9
24,11285,9
24,11597,-1
24,11757,9
24,11977,10
24,12403,10
24,14349,-1
24,14741,9
24,15687,9
24,15689,-1
24,15879,9
24,16498,8
24,16592,8
24,16742,9
24,16934,9
24,18153,-1
24,18671,-1
24,18679,-1
24,19285,-1
24,20021,-1
24,20159,9
24,21881,-1
25,1535,9
25,1575,10
25,2167,10
25,2904,10
25,4181,10
25,4975,4
25,5958,6
25,7054,9
25,7858,6
25,8407,6
25,8525,8
25,8675,7
25,8769,8
25,8841,6
25,9790,8
25,10080,9
25,10209,6
25,10588,8
25,10790,6
25,10793,10
25,11633,9
25,11757,9
25,11843,10
25,12189,8
25,13469,6
25,13587,8
25,13659,7
25,14075,8
25,14267,5
25,14345,8
25,14467,7
25,14813,10
25,15037,9
25,15117,9
25,16353,8
25,16498,9
25,16706,9
25,17831,8
26,63,-1
26,1726,-1
26,2476,-1
26,2993,-1
26,4975,-1
26,4999,-1
26,5081,-1
26,5112,-1
26,5342,-1
26,5356,-1
26,6166,-1
26,6347,-1
26,6547,-1
26,6645,-1
26,6676,-1
26,6880,-1
26,7647,-1
26,7674,-1
26,7817,-1
26,8516,-1
26,8525,10
26,8915,-1
26,9513,-1
26,9736,-1
26,9919,-1
26,10012,-1
26,10030,-1
26,10396,-1
26,10490,-1
26,10578,-1
26,10620,-1
26,10719,-1
26,10793,10
26,11079,-1
26,11241,-1
26,11285,-1
26,11597,-1
26,11633,-1
26,11703,-1
26,11759,-1
26,11843,-1
26,12291,-1
26,12293,-1
26,12549,-1
26,12967,-1
26,13161,-1
26,14741,-1
26,14967,-1
26,15583,-1
26,15605,-1
26,15809,-1
26,16157,-1
26,16355,-1
26,16592,-1
26,17074,-1
26,18671,-1
26,18767,-1
26,18897,-1
26,19163,-1
26,19429,8
26,20031,-1
26,20787,-1
26,21405,-1
26,21437,-1
26,22547,-1
27,356,8
27,479,7
27,1195,9
27,1535,8
27,1575,9
27,1604,9
27,1840,10
27,2167,8
27,2904,9
27,2993,8
27,3455,8
27,3712,9
27,4181,10
27,4214,8
27,4224,9
27,4654,8
27,5081,-1
27,6201,8
27,6213,8
27,6324,8
27,6347,8
27,6547,9
27,6702,9
27,7054,8
27,7592,8
27,7593,8
27,8074,9
27,8516,9
27,8525,9
27,8536,8
27,8769,8
27,8841,9
27,8937,8
27,9041,8
27,9513,9
27,9919,8
27,10049,9
27,10080,9
27,10213,8
27,10620,8
27,10719,8
27,10790,9
27,10793,9
27,11319,10
27,11617,9
27,11633,10
27,11703,8
27,11743,9
27,11757,10
27,11759,7
27,11933,10
27,12049,9
27,12549,7
27,13411,7
27,13659,9
27,13759,9
27,14075,9
27,14199,7
27,14227,9
27,14345,8
27,14467,8
27,14741,9
27,14749,8
27,14813,9
27,14967,8
27,15225,8
27,15315,9
27,15451,9
27,15583,9
27,15809,9
27,16049,9
27,16157,9
27,16444,9
27,16498,9
27,16512,8
27,16668,8
27,16706,10
27,17651,8
27,17741,8
27,18857,10
28,20,9
28,226,9
28,392,10
28,4224,10
28,6547,10
28,7054,10
28,8460,9
28,9919,9
28,9989,10
28,10620,9
28,11111,-1
28,11757,9
29,30,9
29,114,10
29,121,8
29,143,7
29,199,10
29,223,10
29,225,4
29,226,4
29,232,7
29,249,8
29,270,6
29,288,8
29,339,10
29,392,9
29,481,10
29,482,7
29,502,6
29,527,8
29,530,7
29,543,10
29,552,10
29,731,10
29,788,2
29,813,7
29,827,6
29,855,9
29,859,4
29,874,8
29,891,7
29,892,8
29,893,6
29,894,4
29,895,7
29,896,8
29,897,6
29,898,8
29,899,7
29,900,8
29,901,9
29,902,8
29,903,8
29,904,6
29,905,7
29,906,10
29,934,7
29,972,7
29,984,7
29,985,9
29,986,10
29,987,3
29,1132,9
29,1137,9
29,1138,8
29,1254,9
29,1313,6
29,1535,10
29,1668,7
29,1669,6
29,1689,10
29,1710,4
29,1726,6
29,1894,10
29,2281,8
29,2341,6
29,2349,6
29,2403,5
29,2476,5
29,2605,9
29,2775,7
29,2993,7
29,3342,7
29,3455,2
29,3503,3
29,3702,10
29,4052,7
29,4214,4
29,4962,7
29,5152,1
29,5667,3
29,5958,7
29,6033,3
29,6205,5
29,6500,5
29,6918,8
29,7647,10
29,7711,10
29,8074,2
29,8277,6
29,8407,7
29,9253,10
29,9322,6
29,9515,1
29,9756,8
29,9936,4
29,10465,2
29,10863,10
29,11111,5
29,11209,3
29,11577,10
29,11617,8
29,11701,5
29,11757,5
29,12231,2
29,12361,7
29,12729,6
29,13357,6
29,14719,10
29,14837,7
29,15409,10
29,15451,8
29,15565,3
29,15847,7
29,16498,8
29,18397,6
29,18679,7
29,19815,6
29,20899,10
29,21521,7
29,21659,7
29,24703,8
29,25687,6
29,26055,10
29,28779,7
29,30243,8
29,30300,6
29,30307,7
29,30658,6
29,30812,6
29,32215,7
30,59,7
30,121,10
30,199,9
30,226,10
30,270,8
30,376,-1
30,777,9
30,849,-1
30,889,-1
30,1519,-1
30,1535,8
30,2167,7
30,2476,5
30,3588,10
30,3759,6
30,4181,10
30,4898,8
30,4901,-1
30,5114,10
30,6707,9
30,6746,8
30,6747,7
30,6880,7
30,7724,-1
30,8074,8
30,8408,8
30,8440,-1
30,9041,7
30,9136,9
30,9515,6
30,10083,-1
30,10418,8
30,10490,-1
30,10620,-1
30,10681,-1
30,10793,-1
30,11111,9
30,11617,-1
30,11701,-1
30,11757,8
30,11759,9
30,12729,8
30,14345,-1
30,15863,-1
30,16498,9
30,18247,6
30,19815,8
30,21431,7
30,22199,8
30,22319,10
30,26243,-1
30,27899,9
31,15,7
31,356,7
31,523,7
31,1195,7
31,2581,9
31,2759,-1
31,3784,8
31,3785,8
31,5114,-1
31,5355,-1
31,5530,-1
31,5680,9
31,5958,6
31,6213,7
31,6347,9
31,6547,7
31,6634,9
31,6956,7
31,7791,9
31,8407,6
31,8516,9
31,8769,8
31,8841,8
31,9041,-1
31,9135,-1
31,9379,7
31,9471,8
31,9617,9
31,9760,8
31,9790,6
31,9919,8
31,9938,9
31,10067,7
31,10087,8
31,10161,7
31,10408,9
31,10456,7
31,10521,7
31,10588,-1
31,10620,6
31,10681,-1
31,10719,7
31,10790,7
31,10793,8
31,10897,8
31,11241,7
31,11499,8
31,11737,9
31,11741,9
31,11757,10
31,11759,7
31,11843,10
31,11887,7
31,12291,9
31,12565,7
31,13055,8
31,13411,7
31,13599,7
31,13601,7
31,13655,7
31,13659,7
31,13677,-1
31,13759,9
31,13939,7
31,14237,7
31,14345,7
31,14467,9
31,14741,9
31,14811,9
31,14813,8
31,14833,7
31,14967,7
31,15225,8
31,15315,9
31,15437,7
31,15583,7
31,15687,9
31,15699,9
31,15809,9
31,15879,9
31,16005,8
31,16417,8
31,16444,-1
31,16512,7
31,16524,8
31,16668,7
31,21881,-1
32,1,10
32,6,10
32,19,7
32,59,6
32,120,10
32,150,9
32,202,10
32,223,10
32,227,9
32,249,10
32,317,-1
32,431,10
32,523,10
32,527,-1
32,696,7
32,877,-1
32,1535,9
32,1829,7
32,2476,6
32,2890,9
33,15,9
33,269,9
33,857,9
33,1535,10
33,1575,9
33,1686,8
33,2889,7
33,2904,9
33,2994,8
33,4835,8
33,8247,9
33,12859,9
33,14513,8
33,16498,10
33,18115,8
33,18897,8
33,27787,8
33,31240,9
34,1,7
34,20,9
34,30,9
34,32,8
34,47,-1
34,121,-1
34,147,8
34,170,-1
34,205,-1
34,223,-1
34,225,9
34,249,-1
34,269,10
34,390,9
34,392,9
34,813,10
34,857,-1
34,894,-1
34,895,-1
34,896,-1
34,897,-1
34,898,-1
34,899,-1
34,900,-1
34,901,-1
34,902,-1
34,903,-1
34,904,-1
34,905,-1
34,906,-1
34,1210,-1
34,1535,-1
34,1606,-1
34,1860,8
34,2001,-1
34,2167,9
34,2251,-1
34,2476,-1
34,2759,-1
34,2889,-1
34,2926,7
34,3784,9
34,3785,-1
34,4181,9
34,4224,-1
34,4835,-1
34,6746,9
34,6880,8
34,8074,-1
34,8247,-1
34,10087,-1
34,10568,8
34,11061,-1
34,11741,-1
34,11771,9
34,12231,10
34,13601,-1
34,13759,-1
34,14513,-1
34,14813,-1
34,14837,-1
34,16498,-1
34,16662,-1
34,16894,9
34,17741,-1
34,17895,-1
34,18115,-1
34,18679,-1
34,18897,-1
34,20507,-1
34,22199,-1
34,22297,-1
34,22319,-1
34,22535,-1
34,22687,-1
34,22729,-1
34,23199,-1
34,23273,-1
34,23283,-1
34,23755,-1
34,23847,-1
34,24415,-1
34,27655,-1
34,27787,-1
34,27821,-1
34,27899,-1
35,19,-1
35,64,-1
35,65,-1
35,169,-1
35,202,-1
35,226,-1
35,249,-1
35,258,-1
35,339,-1
35,467,-1
35,585,-1
35,597,-1
35,620,-1
35,743,-1
35,801,-1
35,856,-1
35,934,-1
35,935,-1
35,1004,-1
35,1047,-1
35,1192,-1
35,1243,-1
35,1281,-1
35,1482,-1
35,1508,-1
35,1535,-1
35,1571,-1
35,1719,-1
35,1726,-1
35,1818,-1
35,1889,-1
35,2237,-1
35,2594,-1
35,2891,-1
35,2994,-1
35,3457,-1
35,3593,-1
35,4752,-1
35,4890,-1
35,4896,-1
35,4898,-1
35,5530,-1
35,5682,-1
35,6114,-1
35,6163,-1
35,6205,-1
35,6547,-1
35,6610,-1
35,6666,-1
35,6707,-1
35,6746,-1
35,6793,-1
35,6811,-1
35,6880,-1
35,7059,-1
35,7193,-1
35,8425,-1
35,8475,-1
35,9001,10
35,9136,-1
35,9919,-1
35,10076,-1
35,10216,-1
35,10417,-1
35,10620,-1
35,11111,-1
35,11285,-1
35,11757,-1
35,12079,-1
35,12189,-1
35,12445,-1
35,12477,-1
35,12503,-1
35,13601,-1
35,13807,-1
35,14347,-1
35,14353,-1
35,14373,-1
35,15037,-1
35,16201,-1
35,16498,-1
35,18041,-1
35,19315,-1
35,19383,-1
35,20021,-1
35,20889,-1
35,20903,-1
35,21033,-1
35,21881,-1
35,22319,-1
35,22535,-1
35,22537,-1
35,23199,-1
35,23281,-1
35,23837,-1
35,25013,-1
35,27831,-1
35,27833,-1
35,27899,-1
35,28223,-1
35,30524,-1
35,30901,-1
35,30948,-1
35,31043,-1
35,31163,-1
35,31580,-1
35,31859,-1
35,31994,-1
35,32491,-1
35,32682,-1
36,521,8
36,1691,9
36,2923,10
36,3470,10
36,7054,10
36,9041,-1
37,164,8
37,199,10
37,226,6
37,849,10
37,1195,7
37,1840,8
37,2167,9
37,2966,7
37,3455,7
37,3712,8
37,4059,8
37,4382,9
37,5667,6
37,5680,10
37,6347,8
37,6351,8
37,6547,8
37,6862,10
37,7059,8
37,7311,10
37,7791,10
37,8074,4
37,8516,8
37,8630,8
37,8769,8
37,9181,7
37,9471,8
37,9515,3
37,9617,10
37,9734,10
37,10604,7
37,10620,10
37,10793,8
37,11111,7
37,11285,7
37,11319,8
37,11617,1
37,11701,8
37,11757,9
37,11843,8
37,11887,9
37,12729,1
37,13659,8
37,13663,7
37,13759,10
37,13851,6
37,14741,10
37,15037,7
37,15051,7
37,15225,9
37,15583,7
37,15687,9
37,15879,7
37,16001,9
37,16157,8
37,16417,6
37,16498,7
37,16934,10
37,17082,8
37,18153,8
37,18671,10
37,19221,6
37,20047,7
37,20507,9
37,20787,6
37,21881,10
37,22199,9
37,24765,10
38,20,6
38,30,10
38,32,10
38,47,7
38,71,3
38,72,1
38,121,6
38,174,4
38,193,5
38,205,7
38,226,9
38,269,8
38,355,8
38,356,6
38,413,1
38,587,9
38,777,10
38,889,8
38,918,7
38,934,9
38,1519,7
38,1535,6
38,1575,10
38,1686,6
38,1691,6
38,1726,6
38,1818,9
38,2001,10
38,2025,9
38,2167,5
38,2251,9
38,2418,10
38,2476,2
38,2593,8
38,2759,6
38,2787,8
38,2889,7
38,2904,10
38,2993,5
38,3002,9
38,3229,3
38,3455,3
38,3457,3
38,3588,8
38,3782,7
38,3783,8
38,3784,7
38,4063,6
38,4181,3
38,4214,4
38,4280,8
38,4282,9
38,4581,4
38,4654,10
38,4725,6
38,4835,4
38,4896,8
38,4898,7
38,4999,3
38,5034,6
38,5081,7
38,5114,10
38,5204,9
38,5205,9
38,5277,7
38,5355,8
38,5593,6
38,5680,7
38,5940,3
38,5958,4
38,6205,4
38,6213,10
38,6324,5
38,6547,4
38,6573,8
38,6682,1
38,6702,7
38,6707,4
38,6746,9
38,6773,5
38,6880,9
38,6895,3
38,7059,9
38,7088,3
38,7592,5
38,7593,3
38,7674,7
38,7724,7
38,7791,8
38,7817,2
38,8074,5
38,8086,7
38,8247,5
38,8407,4
38,8449,3
38,8525,7
38,8630,6
38,8675,4
38,8888,6
38,8937,10
38,9041,4
38,9065,5
38,9181,4
38,9331,6
38,9367,5
38,9379,6
38,9479,7
38,9756,5
38,9790,4
38,9919,7
38,10030,7
38,10049,8
38,10079,2
38,10087,9
38,10163,7
38,10213,6
38,10490,4
38,10620,9
38,10719,5
38,10793,3
38,11061,10
38,11111,9
38,11285,6
38,11499,9
38,11597,7
38,11617,5
38,11633,7
38,11703,4
38,11741,9
38,11743,10
38,11751,5
38,11757,9
38,11759,8
38,11771,8
38,11785,5
38,12031,4
38,12365,8
38,12413,8
38,12549,4
38,13331,6
38,13601,10
38,13663,4
38,13807,4
38,14283,4
38,14345,8
38,14467,9
38,14513,9
38,14719,8
38,14741,5
38,14807,7
38,15037,7
38,15315,7
38,15451,5
38,15583,5
38,15809,6
38,16005,7
38,16009,9
38,16049,10
38,16498,10
38,16512,5
38,16524,7
38,16742,8
38,16894,8
38,17247,5
38,17265,10
38,17389,7
38,17513,2
38,18115,10
38,18153,8
38,18247,3
38,18277,7
38,18679,7
38,18767,5
38,18893,6
38,19365,4
38,19369,6
38,19769,2
38,19775,7
38,19815,10
38,19855,6
38,20507,8
38,20583,10
38,20689,6
38,20787,6
38,20899,10
38,21085,4
38,21353,5
38,21431,6
38,21603,9
38,21881,7
38,22145,9
38,22199,5
38,22273,8
38,22297,9
38,22319,6
38,22535,9
38,22687,7
38,22729,9
38,22789,8
38,23199,9
38,23233,3
38,23281,6
38,23283,9
38,23289,9
38,23309,2
38,23321,10
38,23421,8
38,24405,8
38,24415,6
38,24439,8
38,24455,4
38,24833,7
38,25157,1
38,25159,6
38,25183,8
38,25867,5
38,26055,10
38,26243,5
38,27631,7
38,27655,8
38,27821,9
38,27831,9
38,27833,9
38,27899,8
38,27991,6
38,28249,10
38,28497,9
38,28619,4
38,28623,8
38,28701,7
38,28891,10
38,28907,7
38,29803,8
38,30205,7
38,30276,9
38,30503,9
38,31163,8
38,31240,10
38,31430,5
38,31478,7
38,31559,7
38,31580,8
38,31637,6
38,31821,8
38,31859,7
38,31904,7
38,31964,7
38,32023,5
38,32182,10
38,32379,4
38,32668,10
38,32935,10
38,32998,8
39,20,10
39,26,-1
39,30,-1
39,32,10
39,121,10
39,205,-1
39,223,8
39,225,7
39,226,8
39,245,10
39,268,-1
39,269,8
39,339,-1
39,457,-1
39,790,-1
39,813,10
39,918,-1
39,1210,-1
39,1535,10
39,1575,10
39,1604,10
39,1887,10
39,2001,10
39,2167,10
39,2418,5
39,2476,10
39,2904,10
39,2966,-1
39,3588,-1
39,4181,10
39,4224,-1
39,5081,-1
39,5114,10
39,5341,-1
39,5680,10
39,6547,10
39,6594,-1
39,6702,10
39,6746,-1
39,6956,10
39,7053,-1
39,7411,8
39,7593,-1
39,7674,-1
39,8769,10
39,9253,-1
39,9322,8
39,9756,10
39,9969,-1
39,9989,-1
39,10030,-1
39,10087,10
39,10165,-1
39,10521,10
39,10620,10
39,10779,-1
39,10800,-1
39,11061,-1
39,11597,-1
39,11741,10
39,11757,-1
39,11771,-1
39,11843,-1
39,11887,9
39,11981,-1
39,12365,-1
39,12531,-1
39,13125,10
39,13601,-1
39,13655,10
39,13659,-1
39,14075,-1
39,14227,8
39,14289,10
39,14353,-1
39,14397,-1
39,14513,-1
39,14719,-1
39,14741,-1
39,14749,10
39,14813,10
39,14829,-1
39,15051,-1
39,15225,-1
39,15689,-1
39,16001,-1
39,16067,-1
39,16201,10
39,16397,7
39,16498,10
39,16524,10
39,16742,10
39,16762,10
39,16894,-1
39,16918,10
39,17074,-1
39,17265,-1
39,17549,-1
39,17895,-1
39,18115,-1
39,18139,-1
39,18195,10
39,18245,-1
39,18507,8
39,18671,-1
39,18679,-1
39,18857,-1
39,18897,-1
39,19221,-1
39,19315,-1
39,19363,-1
39,19369,-1
39,19815,-1
39,19855,-1
39,20021,-1
39,20047,-1
39,20159,-1
39,20509,-1
39,20541,-1
39,20583,-1
39,20787,-1
39,20853,8
39,20899,-1
39,20931,-1
39,21327,-1
39,21329,-1
39,21353,-1
39,21405,-1
39,21603,8
39,21843,-1
39,21855,-1
39,21863,-1
39,21881,-1
39,21939,-1
39,22043,-1
39,22135,-1
39,22199,-1
39,22273,-1
39,22297,-1
39,22319,-1
39,22535,-1
39,22687,-1
39,22729,-1
39,22835,-1
39,23199,-1
39,23227,-1
39,23283,-1
39,23847,-1
39,24231,-1
39,25183,-1
39,25345,-1
39,26055,-1
39,26349,-1
39,27775,-1
39,27821,-1
39,27831,-1
39,27899,-1
39,27989,-1
39,28025,-1
39,28121,-1
39,28171,-1
39,28221,-1
39,28223,9
39,28297,-1
39,28701,-1
39,28891,-1
39,28977,-1
39,29575,-1
39,29803,-1
39,29854,-1
39,30015,-1
39,30240,-1
39,30276,-1
39,30307,-1
39,30831,-1
39,31098,-1
39,31240,-1
39,31251,-1
39,31430,-1
39,31964,-1
39,32282,-1
39,32542,-1
40,18,9
40,185,9
40,186,9
40,187,9
40,205,9
40,226,9
40,237,10
40,245,10
40,356,10
40,821,9
40,822,9
40,849,10
40,853,9
40,934,10
40,1210,7
40,1535,10
40,1689,7
40,1723,10
40,1889,10
40,2167,10
40,2608,9
40,2951,9
40,3455,-1
40,3614,7
40,3652,9
40,3731,7
40,3931,9
40,4059,8
40,4181,10
40,4382,10
40,4898,9
40,5118,9
40,5228,9
40,5667,-1
40,6351,8
40,6645,7
40,6707,9
40,6895,10
40,6945,9
40,7054,9
40,7311,10
40,7817,9
40,8074,9
40,9065,10
40,9181,-1
40,9253,10
40,9587,7
40,10491,9
40,12725,9
40,13115,-1
40,13125,9
40,13663,9
40,13851,-1
40,15059,9
40,19613,7
40,19815,8
40,22507,8
40,28881,7
40,30952,7
41,6,9
41,20,10
41,269,8
41,481,9
41,482,8
41,550,9
41,813,6
41,857,10
41,1498,8
41,1559,9
41,1668,9
41,2006,-1
41,2025,8
41,3229,8
41,4063,10
41,4106,9
41,4186,8
41,4224,10
41,5277,10
41,5279,7
41,5458,7
41,5525,7
41,5958,6
41,6030,8
41,6033,7
41,6500,8
41,6512,10
41,6547,9
41,6594,10
41,6682,6
41,6702,9
41,7088,9
41,8074,10
41,8407,6
41,8525,9
41,8841,9
41,9041,9
41,9330,10
41,9355,8
41,9515,9
41,9919,9
41,10073,7
41,10080,9
41,10087,7
41,10396,9
41,10456,9
41,10790,9
41,11013,9
41,11061,10
41,11617,9
41,11741,7
41,11757,9
41,12293,9
41,13357,9
41,14289,10
41,14741,10
41,15315,8
41,15451,9
41,15583,10
41,16498,10
41,17265,9
41,17641,9
41,17729,8
41,18153,10
41,18277,9
41,18671,10
41,18897,9
41,19163,10
41,19815,9
41,20507,9
41,20785,8
41,20787,8
41,21881,9
41,21995,9
41,22199,9
41,22319,10
41,22535,9
41,22687,8
41,22729,7
41,22961,10
41,23289,7
41,23321,9
41,23325,6
41,24833,8
41,25157,10
41,26349,9
42,143,9
42,269,10
42,855,10
42,2964,8
42,10495,7
42,14075,10
43,1,10
43,15,7
43,20,8
43,43,8
43,67,5
43,68,8
43,98,-1
43,132,8
43,168,8
43,170,8
43,177,8
43,198,8
43,205,10
43,257,7
43,268,7
43,269,8
43,270,8
43,411,8
43,457,9
43,468,6
43,777,8
43,790,7
43,845,8
43,857,8
43,861,7
43,889,8
43,918,9
43,935,8
43,940,7
43,969,7
43,1195,6
43,1292,7
43,1482,8
43,1498,8
43,1559,8
43,1566,6
43,1575,4
43,1604,9
43,1723,6
43,1726,7
43,1818,8
43,1827,9
43,1840,6
43,1956,6
43,1965,6
43,2001,10
43,2025,10
43,2167,8
43,2216,9
43,2251,10
43,2685,6
43,2993,6
43,3091,7
43,3230,7
43,3389,9
43,3457,6
43,3503,-1
43,3655,7
43,4063,9
43,4087,8
43,4177,9
43,4181,8
43,4186,7
43,4196,5
43,4654,9
43,4725,6
43,4744,7
43,4752,6
43,4918,7
43,4938,7
43,4975,8
43,4999,-1
43,5081,7
43,5114,4
43,5231,7
43,5342,6
43,5355,9
43,5530,9
43,5682,8
43,5781,9
43,5940,8
43,5958,9
43,6205,8
43,6213,8
43,6324,6
43,6347,7
43,6500,6
43,6547,7
43,6682,9
43,6746,8
43,6747,7
43,6880,9
43,6920,7
43,6973,8
43,7088,8
43,7148,8
43,7592,7
43,8086,10
43,8449,6
43,8630,8
43,8841,9
43,8937,8
43,9253,10
43,9330,7
43,9513,8
43,9919,7
43,9941,9
43,9969,8
43,9989,7
43,10049,8
43,10087,7
43,10155,8
43,10163,9
43,10213,8
43,10260,6
43,10396,9
43,10447,7
43,10456,8
43,10490,8
43,10578,7
43,10719,7
43,10793,7
43,11241,8
43,11285,6
43,11499,8
43,11597,7
43,11617,9
43,11633,8
43,11703,8
43,11737,8
43,11741,6
43,11743,7
43,11757,7
43,11759,8
43,11761,9
43,11771,8
43,11783,6
43,11933,7
43,12017,8
43,12293,9
43,12413,10
43,12549,8
43,12967,9
43,13161,10
43,13331,10
43,13367,7
43,13601,9
43,13655,8
43,13759,7
43,14075,8
43,14227,7
43,14345,7
43,14467,8
43,14513,8
43,14765,7
43,14813,8
43,14833,8
43,15109,6
43,15119,7
43,15315,9
43,15335,9
43,15417,8
43,15451,8
43,15689,8
43,15809,8
43,16005,9
43,16011,8
43,16035,6
43,16049,8
43,16512,9
43,16890,8
43,17247,8
43,17265,9
43,17505,7
43,17729,8
43,18115,9
43,18153,8
43,18277,9
43,18677,7
43,19369,7
43,19769,8
43,19815,7
43,20507,8
43,20689,9
43,20785,10
43,20787,8
43,20853,7
43,21033,7
43,21085,8
43,21177,8
43,21235,8
43,21329,8
43,21353,8
43,21415,9
43,21603,7
43,21843,8
43,21939,8
43,22097,8
43,22199,9
43,22547,8
43,22877,7
43,23233,7
43,23281,7
43,23311,8
43,23333,7
43,23421,9
43,23755,10
43,24133,9
43,24231,6
43,24405,9
43,24439,7
43,24455,8
43,24687,7
43,24703,9
43,24833,8
43,24873,7
43,25013,8
43,25099,8
43,25159,6
43,25183,8
43,25283,8
43,25397,7
43,25731,8
43,26243,8
43,26443,9
43,27411,8
43,27631,8
43,27833,10
43,27991,8
43,28121,9
43,28249,7
43,28497,8
43,28617,8
43,28675,8
43,28677,8
43,28907,9
43,28927,9
43,28977,10
43,29093,9
43,29095,9
43,29101,9
43,29325,9
43,29758,7
43,29803,8
43,30091,6
43,30276,8
43,30296,8
43,30307,8
43,30321,-1
43,30363,8
43,30503,8
43,30544,8
43,30654,9
43,30749,6
43,30782,5
43,30831,6
43,31043,10
43,31163,8
43,31240,8
43,31318,6
43,31338,7
43,31405,7
43,31442,7
43,31478,9
43,31637,9
43,31710,6
43,31722,7
43,31737,7
43,31741,9
43,31764,9
43,31798,8
43,31821,7
43,31845,6
43,31859,9
43,31904,7
43,31964,8
43,32083,5
43,32094,6
43,32182,9
43,32360,7
43,32595,5
43,32608,8
43,32998,7
43,33421,8
44,30,8
44,121,8
44,199,10
44,202,9
44,256,6
44,269,9
44,270,7
44,430,6
44,431,9
44,853,7
44,878,8
44,934,7
44,953,9
44,1023,10
44,1482,5
44,1535,10
44,1575,8
44,1686,8
44,1889,7
44,2001,10
44,2030,7
44,2158,8
44,2236,9
44,2251,9
44,2418,9
44,2889,6
44,2904,8
44,2994,10
44,3389,6
44,3457,2
44,3588,10
44,4186,7
44,4654,8
44,4725,6
44,4752,2
44,4898,8
44,4981,9
44,5114,10
44,5177,7
44,5355,9
44,5530,8
44,5630,7
44,5955,6
44,6114,9
44,6547,9
44,6634,9
44,6707,7
44,6746,9
44,6774,8
44,6793,7
44,6880,8
44,7724,8
44,8408,9
44,8460,6
44,8915,6
44,8937,8
44,9136,7
44,9253,10
44,9745,8
44,9756,9
44,9834,8
44,9919,9
44,9941,9
44,10067,7
44,10083,8
44,10087,8
44,10163,9
44,10249,4
44,10418,-1
44,10447,9
44,10620,7
44,10721,9
44,10863,8
44,11111,8
44,11266,10
44,11285,6
44,11577,7
44,11633,7
44,11701,6
44,11737,7
44,11741,8
44,11785,7
44,11837,7
44,12413,7
44,12445,6
44,12685,7
44,13601,9
44,14189,6
44,14345,7
44,14349,6
44,14467,7
44,14513,6
44,15085,3
44,15315,6
44,15699,7
44,15809,7
44,16005,7
44,16035,5
44,16444,7
44,16498,8
44,16524,5
44,16762,7
44,17513,2
44,18115,9
44,20507,7
44,22319,6
44,23199,8
44,23281,7
44,23283,7
44,26243,5
44,27831,9
44,27833,10
44,28927,7
45,120,8
45,121,8
45,430,7
45,853,10
45,1498,8
45,1571,9
45,1579,7
45,3457,9
45,3731,8
45,4722,9
45,4752,8
45,4898,8
45,5114,8
45,6547,10
45,6707,8
45,7054,10
45,8425,8
45,10087,7
45,10321,8
45,10800,9
45,11111,9
45,11241,7
45,11757,9
45,12711,8
45,14289,8
45,15085,7
46,1,10
46,20,7
46,45,8
46,149,7
46,150,8
46,154,7
46,164,10
46,199,10
46,202,10
46,230,6
46,242,10
46,245,10
46,269,10
46,322,8
46,356,4
46,431,10
46,457,9
46,464,9
46,512,10
46,513,10
46,523,10
46,552,6
46,572,10
46,594,9
46,761,9
46,853,10
46,857,9
46,877,10
46,907,7
46,918,10
46,934,8
46,1004,8
46,1072,10
46,1074,8
46,1210,8
46,1222,8
46,1482,9
46,1532,4
46,1535,10
46,1575,10
46,1604,9
46,1686,8
46,1689,9
46,1818,7
46,1829,10
46,1912,5
46,2112,8
46,2167,9
46,2404,7
46,2605,7
46,2759,8
46,2889,9
46,2890,10
46,2904,10
46,3089,10
46,3457,8
46,3470,9
46,3572,8
46,3588,10
46,3655,10
46,3656,9
46,3702,10
46,3848,10
46,4059,9
46,4063,6
46,4081,10
46,4151,6
46,4181,8
46,4224,8
46,4722,10
46,4752,7
46,4835,9
46,4898,10
46,5065,10
46,5114,9
46,5277,5
46,5300,10
46,5355,10
46,5525,8
46,5680,10
46,5681,7
46,5702,10
46,5940,9
46,6045,10
46,6046,10
46,6201,8
46,6205,6
46,6324,7
46,6347,10
46,6444,8
46,6512,7
46,6594,8
46,6682,3
46,6702,9
46,6707,9
46,6746,9
46,6772,10
46,6793,9
46,6880,8
46,6895,7
46,7054,10
46,7058,8
46,7103,6
46,7367,8
46,7592,8
46,7593,7
46,7647,10
46,7674,10
46,7791,10
46,8074,5
46,8129,10
46,8247,9
46,8424,7
46,8449,7
46,8514,10
46,8525,8
46,9065,7
46,9074,10
46,9252,10
46,9253,9
46,9289,9
46,9331,6
46,9465,10
46,9617,8
46,9656,10
46,9724,10
46,9754,10
46,9756,8
46,9919,8
46,9969,10
46,9989,9
46,10030,10
46,10092,10
46,10161,10
46,10162,9
46,10321,6
46,10350,6
46,10379,10
46,10389,8
46,10391,8
46,10408,10
46,10686,8
46,10719,9
46,10800,9
46,11013,10
46,11113,9
46,11241,7
46,11371,9
46,11375,10
46,11499,8
46,11665,10
46,11757,8
46,11771,8
46,11843,10
46,12049,9
46,12189,9
46,12355,9
46,12365,10
46,12531,10
46,12711,6
46,12967,8
46,13115,6
46,13125,9
46,13245,7
46,13403,8
46,13601,10
46,13833,10
46,14075,9
46,14227,10
46,14289,10
46,14349,10
46,14353,10
46,14397,9
46,14467,10
46,14513,9
46,14713,10
46,14753,9
46,15085,7
46,15335,10
46,15411,10
46,15417,10
46,15487,8
46,15583,7
46,15605,7
46,15751,10
46,15775,10
46,15809,9
46,16005,10
46,16009,10
46,16011,9
46,16033,7
46,16035,7
46,16067,9
46,16353,8
46,16498,10
46,16528,10
46,16592,8
46,16742,9
46,16782,9
46,16866,10
46,16890,7
46,16894,7
46,17259,8
46,17391,10
46,17409,8
46,17513,6
46,18115,9
46,18139,9
46,18153,10
46,18179,10
46,18229,8
46,18277,6
46,18507,8
46,18523,10
46,18745,9
46,18897,9
46,19815,9
46,20021,6
46,20431,8
46,20507,10
46,20541,9
46,20583,10
46,20655,8
46,20673,8
46,20767,10
46,20785,9
46,20787,7
46,20919,7
46,20977,9
46,21105,6
46,21177,7
46,21185,9
46,21329,9
46,21339,8
46,21439,6
46,21563,8
46,21603,8
46,21743,9
46,21881,8
46,21939,9
46,22043,9
46,22097,7
46,22101,9
46,22145,9
46,22147,9
46,22199,9
46,22265,7
46,22319,10
46,22433,8
46,22535,8
46,23251,8
46,23281,9
46,23283,10
46,23289,10
46,23333,7
46,23673,8
46,24211,8
46,24277,10
46,24365,9
46,24415,9
46,24439,7
46,24627,8
46,24701,9
46,24991,5
46,25183,9
46,25303,9
46,25649,4
46,25681,9
46,25687,8
46,26243,9
46,27387,8
46,27417,6
46,27631,9
46,27633,10
46,27663,9
46,27787,8
46,27899,9
46,27991,7
46,28121,9
46,28171,9
46,28211,6
46,28223,9
46,28497,8
46,28677,8
46,28805,10
46,28891,10
46,28907,8
46,28927,9
46,28977,10
46,29803,8
46,29974,6
46,29976,7
46,30015,8
46,30056,9
46,30205,9
46,30240,9
46,30276,10
46,30296,8
46,30458,10
46,30503,10
46,30544,8
46,30714,9
46,30740,8
46,30901,9
46,31297,9
46,31374,8
46,31376,8
46,31452,8
46,31478,9
46,31559,8
46,31580,9
46,31680,8
46,31704,9
46,31737,8
46,31741,9
46,31754,9
46,31772,9
46,31964,9
46,32093,8
46,32108,8
46,32182,8
46,32282,8
46,32365,8
46,32370,9
46,32542,9
46,32566,8
46,32648,9
46,32664,7
46,32668,8
46,32696,9
46,32729,9
46,32998,9
46,33028,8
46,34240,10
47,120,10
47,199,10
47,325,4
47,431,9
47,523,10
47,530,9
47,532,8
47,740,9
47,849,8
47,853,10
47,996,9
47,1239,8
47,1575,9
47,1887,7
47,2904,8
47,2923,8
47,3588,10
47,5060,9
47,5118,7
47,5681,10
47,6547,8
47,6702,10
47,6746,9
47,7082,8
47,7337,10
47,8479,9
47,9756,8
47,9919,8
47,9982,8
47,12049,8
47,14227,8
47,14467,9
47,14513,8
47,15195,9
48,861,8
48,889,9
48,934,8
48,1519,9
48,1535,9
48,1571,8
48,1575,10
48,1889,8
48,1965,8
48,2001,9
48,2167,8
48,2494,8
48,2581,9
48,2593,9
48,2904,10
48,3652,8
48,3782,9
48,3783,9
48,3927,9
48,4059,8
48,4224,9
48,4280,9
48,4282,9
48,5081,9
48,5204,9
48,5205,9
48,5680,8
48,6030,8
48,6347,9
48,6351,8
48,6547,9
48,6702,8
48,6746,9
48,7724,8
48,7791,8
48,8074,9
48,8516,9
48,8536,9
48,8769,9
48,8888,10
48,9253,9
48,9289,9
48,9367,7
48,9617,8
48,9756,8
48,9989,8
48,10020,9
48,10079,9
48,10087,9
48,10397,9
48,10447,9
48,10456,7
48,10491,8
48,10620,9
48,10719,9
48,10793,10
48,10863,9
48,11021,9
48,11111,9
48,11179,8
48,11597,9
48,11617,8
48,11741,9
48,11757,9
48,11759,8
48,11933,9
48,11977,8
48,11979,8
48,12175,9
48,12413,8
48,12859,9
48,13331,8
48,13599,9
48,13601,10
48,13659,9
48,14075,9
48,14131,9
48,14345,9
48,14749,8
48,14813,8
48,14967,9
48,15051,8
48,15225,8
48,15583,9
48,15689,9
48,15809,8
48,16498,10
48,16592,9
48,16668,9
48,18857,9
49,30,-1
49,269,-1
49,270,-1
49,889,-1
49,2001,-1
49,10087,-1
50,1,10
50,19,10
50,20,10
50,33,7
50,44,10
50,45,8
50,90,8
50,121,7
50,136,8
50,154,6
50,170,8
50,223,10
50,225,8
50,226,7
50,246,8
50,249,9
50,250,9
50,269,7
50,278,8
50,288,8
50,356,5
50,384,2
50,392,9
50,481,8
50,482,9
50,527,6
50,552,8
50,687,7
50,813,9
50,874,8
50,876,8
50,901,10
50,902,9
50,903,10
50,904,10
50,905,10
50,906,9
50,971,7
50,1132,8
50,1138,7
50,1195,8
50,1254,6
50,1313,7
50,1430,9
50,1482,8
50,1535,8
50,1575,9
50,1604,8
50,1669,7
50,1707,7
50,1744,8
50,1816,8
50,1894,9
50,2001,8
50,2116,8
50,2390,8
50,2904,9
50,3588,9
50,4155,7
50,5114,10
50,5962,4
50,6033,8
50,6171,7
50,6702,6
50,6811,10
50,7674,9
50,9130,7
50,9253,10
50,9919,7
50,9989,7
50,10030,8
50,10087,9
50,10620,5
50,11061,10
50,11111,3
50,11617,5
50,11633,8
50,11703,8
50,11757,7
50,11771,9
50,12859,9
50,13271,4
50,14345,9
50,14513,8
50,14719,7
50,14837,6
50,16498,10
50,16894,10
50,18393,10
50,20159,9
51,1,10
51,5,9
51,6,9
51,19,10
51,25,7
51,30,9
51,33,10
51,43,10
51,44,10
51,45,8
51,57,10
51,67,7
51,71,9
51,72,9
51,73,9
51,97,8
51,114,9
51,121,10
51,164,10
51,165,9
51,167,8
51,199,10
51,202,10
51,205,8
51,226,6
51,227,10
51,237,10
51,239,9
51,240,8
51,245,8
51,323,10
51,339,9
51,387,9
51,431,10
51,433,9
51,437,10
51,457,9
51,467,10
51,468,10
51,486,9
51,512,9
51,572,9
51,578,9
51,585,10
51,597,7
51,759,10
51,777,9
51,790,9
51,801,10
51,849,8
51,853,8
51,877,10
51,889,9
51,953,6
51,1023,10
51,1033,10
51,1140,6
51,1210,9
51,1519,9
51,1530,8
51,1535,9
51,1575,10
51,1689,10
51,1818,8
51,1827,9
51,1829,5
51,1943,10
51,2001,9
51,2025,9
51,2154,9
51,2167,9
51,2236,9
51,2251,10
51,2418,10
51,2508,8
51,2593,10
51,2596,9
51,2759,8
51,2904,10
51,2924,10
51,2966,9
51,2993,7
51,3588,9
51,3784,10
51,4181,9
51,4214,7
51,4224,9
51,4382,8
51,4789,10
51,4898,8
51,4901,9
51,5114,10
51,5341,9
51,5630,8
51,5681,8
51,6372,8
51,6547,7
51,6637,8
51,6707,4
51,6746,8
51,6880,7
51,7193,10
51,7311,10
51,7711,8
51,8525,7
51,9253,9
51,9756,9
51,9760,8
51,9834,7
51,10080,7
51,10090,10
51,10162,9
51,10800,9
51,12531,7
51,14397,9
51,16782,8
52,15,9
52,57,10
52,759,9
52,889,10
52,1519,10
52,1575,10
52,1604,10
52,1818,8
52,2418,9
52,2904,10
52,4081,10
52,4901,10
52,5300,9
52,5356,9
52,5680,10
52,5681,10
52,6347,9
52,6547,10
52,6682,7
52,6862,10
52,7017,8
52,7088,10
52,7674,10
52,7791,10
52,8074,7
52,8440,8
52,8465,6
52,8516,9
52,8888,10
52,9253,10
52,9471,9
52,9989,10
52,10030,10
52,10162,10
52,10379,10
52,10793,10
52,11111,9
52,11433,9
52,11617,10
52,11665,10
52,12293,8
52,12365,10
52,12413,10
52,12729,-1
52,13331,10
52,13357,7
52,14345,9
52,15039,10
52,15197,10
52,15451,10
52,17895,10
52,18849,8
52,20651,8
52,22729,9
52,22789,8
52,23273,10
52,24727,9
52,25013,8
52,27655,9
52,28069,10
52,30300,7
53,20,6
53,101,8
53,223,5
53,225,3
53,355,7
53,813,4
53,849,8
53,1195,8
53,1530,10
53,1535,7
53,1840,9
53,2167,10
53,2787,7
53,2924,9
53,2926,6
53,2994,5
53,3712,7
53,3731,8
53,4059,6
53,4181,10
53,4224,9
53,4382,8
53,4744,6
53,4789,9
53,6324,7
53,6361,6
53,6401,6
53,6547,10
53,6773,7
53,7054,9
53,7311,8
53,9989,10
53,10067,8
53,11319,10
53,11553,7
53,11617,7
53,11887,9
53,13759,9
53,14741,9
53,16001,9
54,1,-1
54,5,-1
54,7,-1
54,15,-1
54,16,-1
54,20,-1
54,22,-1
54,28,-1
54,30,-1
54,43,-1
54,44,-1
54,45,-1
54,46,-1
54,47,-1
54,49,-1
54,50,-1
54,53,-1
54,59,-1
54,60,-1
54,62,-1
54,63,-1
54,64,-1
54,65,-1
54,66,-1
54,71,-1
54,72,-1
54,73,-1
54,79,-1
54,97,-1
54,98,-1
54,99,-1
54,102,-1
54,105,-1
54,113,-1
54,121,-1
54,122,-1
54,132,-1
54,133,-1
54,135,-1
54,145,-1
54,146,-1
54,148,-1
54,153,-1
54,155,-1
54,156,-1
54,157,-1
54,159,-1
54,164,-1
54,166,-1
54,167,-1
54,169,-1
54,170,-1
54,174,-1
54,180,-1
54,181,-1
54,182,-1
54,189,-1
54,190,-1
54,191,-1
54,193,-1
54,195,-1
54,196,-1
54,199,-1
54,202,-1
54,205,-1
54,208,-1
54,209,-1
54,227,-1
54,228,-1
54,234,-1
54,237,-1
54,238,-1
54,240,-1
54,241,-1
54,242,-1
54,245,-1
54,248,-1
54,256,-1
54,257,-1
54,260,-1
54,261,-1
54,263,-1
54,268,-1
54,269,-1
54,270,-1
54,272,-1
54,273,-1
54,276,-1
54,277,-1
54,284,-1
54,289,-1
54,291,-1
54,294,-1
54,295,-1
54,304,-1
54,317,-1
54,318,-1
54,322,-1
54,329,-1
54,330,-1
54,339,-1
54,340,-1
54,355,-1
54,356,-1
54,366,-1
54,384,-1
54,385,-1
54,387,-1
54,390,-1
54,394,-1
54,395,-1
54,401,-1
54,403,-1
54,412,-1
54,419,-1
54,420,-1
54,421,-1
54,430,-1
54,431,-1
54,437,-1
54,442,-1
54,448,-1
54,456,-1
54,457,-1
54,469,-1
54,476,-1
54,478,-1
54,479,-1
54,487,-1
54,489,-1
54,509,-1
54,512,-1
54,519,-1
54,523,-1
54,558,-1
54,565,-1
54,570,-1
54,578,-1
54,584,-1
54,585,-1
54,591,-1
54,597,-1
54,610,-1
54,617,-1
54,618,-1
54,627,-1
54,630,-1
54,634,-1
54,637,-1
54,649,-1
54,667,-1
54,679,-1
54,688,-1
54,694,-1
54,696,-1
54,706,-1
54,710,-1
54,743,-1
54,744,-1
54,760,-1
54,777,-1
54,813,-1
54,814,-1
54,815,-1
54,817,-1
54,818,-1
54,833,-1
54,849,-1
54,852,-1
54,853,-1
54,855,-1
54,857,-1
54,863,-1
54,877,-1
54,878,-1
54,880,-1
54,886,-1
54,889,-1
54,910,-1
54,916,-1
54,934,-1
54,940,-1
54,944,-1
54,990,-1
54,992,-1
54,995,-1
54,1029,-1
54,1082,-1
54,1142,-1
54,1149,-1
54,1185,-1
54,1186,-1
54,1195,-1
54,1209,-1
54,1214,-1
54,1218,-1
54,1219,-1
54,1222,-1
54,1224,-1
54,1358,-1
54,1361,-1
54,1519,-1
54,1535,-1
54,1536,-1
54,1554,-1
54,1562,-1
54,1568,-1
54,1569,-1
54,1570,-1
54,1571,-1
54,1575,-1
54,1592,-1
54,1594,-1
54,1686,-1
54,1689,-1
54,1698,-1
54,1722,-1
54,1723,-1
54,1738,-1
54,1747,-1
54,1829,-1
54,1836,-1
54,1840,-1
54,1842,-1
54,1858,-1
54,1884,-1
54,1889,-1
54,1956,-1
54,1965,-1
54,1988,-1
54,2001,-1
54,2025,-1
54,2026,-1
54,2034,-1
54,2129,-1
54,2130,-1
54,2155,-1
54,2158,-1
54,2163,-1
54,2166,-1
54,2167,-1
54,2215,-1
54,2235,-1
54,2236,-1
54,2251,-1
54,2403,-1
54,2418,-1
54,2476,-1
54,2494,-1
54,2495,-1
54,2508,-1
54,2595,-1
54,2602,-1
54,2603,-1
54,2608,-1
54,2752,-1
54,2781,-1
54,2787,-1
54,2889,-1
54,2904,-1
54,2926,-1
54,2927,-1
54,2963,-1
54,2964,-1
54,2966,-1
54,2986,-1
54,2993,-1
54,3001,-1
54,3005,-1
54,3089,-1
54,3111,-1
54,3167,-1
54,3225,-1
54,3226,-1
54,3229,-1
54,3230,-1
54,3299,-1
54,3322,-1
54,3358,-1
54,3359,-1
54,3363,-1
54,3366,-1
54,3407,-1
54,3420,-1
54,3455,-1
54,3457,-1
54,3467,-1
54,3470,-1
54,3503,-1
54,3549,-1
54,3594,-1
54,3616,-1
54,3627,-1
54,3653,-1
54,3654,-1
54,3667,-1
54,3712,-1
54,3713,-1
54,3731,-1
54,3901,-1
54,3958,-1
54,4053,-1
54,4059,-1
54,4063,-1
54,4081,-1
54,4087,-1
54,4151,-1
54,4177,-1
54,4181,-1
54,4186,-1
54,4192,-1
54,4196,-1
54,4214,-1
54,4224,-1
54,4262,-1
54,4334,-1
54,4382,-1
54,4477,-1
54,4483,-1
54,4548,-1
54,4550,-1
54,4654,-1
54,4720,-1
54,4722,-1
54,4726,-1
54,4744,-1
54,4752,-1
54,4879,-1
54,4898,-1
54,4901,-1
54,4975,-1
54,4999,-1
54,5028,-1
54,5029,-1
54,5030,-1
54,5079,-1
54,5081,-1
54,5112,-1
54,5150,-1
54,5162,-1
54,5216,-1
54,5258,-1
54,5277,-1
54,5300,-1
54,5341,-1
54,5342,-1
54,5356,-1
54,5420,-1
54,5454,-1
54,5507,-1
54,5521,-1
54,5530,-1
54,5630,-1
54,5667,-1
54,5670,-1
54,5671,-1
54,5675,-1
54,5678,-1
54,5680,-1
54,5690,-1
54,5734,-1
54,5751,-1
54,5835,-1
54,5914,-1
54,5941,-1
54,5958,-1
54,5973,-1
54,5984,-1
54,6023,-1
54,6030,-1
54,6045,-1
54,6098,-1
54,6112,-1
54,6114,-1
54,6129,-1
54,6164,-1
54,6165,-1
54,6166,-1
54,6201,-1
54,6203,-1
54,6205,-1
54,6211,-1
54,6213,-1
54,6324,-1
54,6351,-1
54,6372,-1
54,6381,-1
54,6443,-1
54,6512,-1
54,6573,-1
54,6637,-1
54,6645,-1
54,6676,-1
54,6682,-1
54,6707,-1
54,6746,-1
54,6758,-1
54,6772,-1
54,6773,-1
54,6880,-1
54,6956,-1
54,6959,-1
54,6974,-1
54,7054,-1
54,7079,-1
54,7088,-1
54,7148,-1
54,7578,-1
54,7593,-1
54,7647,-1
54,7655,-1
54,7661,-1
54,7674,-1
54,7711,-1
54,7769,-1
54,7791,-1
54,7817,-1
54,8057,-1
54,8074,-1
54,8101,-1
54,8241,-1
54,8424,-1
54,8425,-1
54,8426,-1
54,8460,-1
54,8476,-1
54,8514,-1
54,8525,-1
54,8536,-1
54,8675,-1
54,8676,-1
54,8769,-1
54,8841,-1
54,8937,-1
54,9181,-1
54,9252,-1
54,9253,-1
54,9289,-1
54,9330,-1
54,9367,-1
54,9379,-1
54,9465,-1
54,9513,-1
54,9515,-1
54,9587,-1
54,9617,-1
54,9624,-1
54,9656,-1
54,9712,-1
54,9724,-1
54,9736,-1
54,9834,-1
54,9863,-1
54,9922,-1
54,9926,-1
54,9934,-1
54,9936,-1
54,9938,-1
54,9958,-1
54,9989,-1
54,10030,-1
54,10079,-1
54,10080,-1
54,10087,-1
54,10092,-1
54,10110,-1
54,10119,-1
54,10155,-1
54,10161,-1
54,10162,-1
54,10165,-1
54,10187,-1
54,10308,-1
54,10321,-1
54,10357,-1
54,10372,-1
54,10379,-1
54,10396,-1
54,10447,-1
54,10456,-1
54,10460,-1
54,10465,-1
54,10495,-1
54,10521,-1
54,10568,-1
54,10572,-1
54,10573,-1
54,10588,-1
54,10611,-1
54,10620,-1
54,10671,-1
54,10719,-1
54,10731,-1
54,10790,-1
54,10793,-1
54,10798,-1
54,10800,-1
54,10884,-1
54,11013,-1
54,11021,-1
54,11111,-1
54,11123,-1
54,11179,-1
54,11227,-1
54,11285,-1
54,11319,-1
54,11371,-1
54,11433,-1
54,11491,-1
54,11499,-1
54,11553,-1
54,11615,-1
54,11617,-1
54,11665,-1
54,11739,-1
54,11741,-1
54,11743,-1
54,11751,-1
54,11757,-1
54,11759,-1
54,11763,-1
54,11771,-1
54,11783,-1
54,11887,-1
54,11933,-1
54,12123,-1
54,12149,-1
54,12189,-1
54,12291,-1
54,12293,-1
54,12317,-1
54,12365,-1
54,12403,-1
54,12431,-1
54,12461,-1
54,12467,-1
54,12487,-1
54,12503,-1
54,12549,-1
54,12711,-1
54,12883,-1
54,12967,-1
54,13161,-1
54,13333,-1
54,13367,-1
54,13377,-1
54,13409,-1
54,13585,-1
54,13587,-1
54,13601,-1
54,13655,-1
54,13659,-1
54,13663,-1
54,13759,-1
54,14045,-1
54,14173,-1
54,14199,-1
54,14227,-1
54,14289,-1
54,14345,-1
54,14355,-1
54,14397,-1
54,14467,-1
54,14511,-1
54,14513,-1
54,14645,-1
54,14653,-1
54,14693,-1
54,14741,-1
54,14749,-1
54,14765,-1
54,14813,-1
54,14827,-1
54,14829,-1
54,14833,-1
54,14941,-1
54,14967,-1
54,15051,-1
54,15085,-1
54,15133,-1
54,15225,-1
54,15315,-1
54,15379,-1
54,15451,-1
54,15583,-1
54,15687,-1
54,15751,-1
54,15809,-1
54,15911,-1
54,15989,-1
54,16005,-1
54,16009,-1
54,16049,-1
54,16051,-1
54,16067,-1
54,16123,-1
54,16169,-1
54,16201,-1
54,16353,-1
54,16498,-1
54,16512,-1
54,16524,-1
54,16662,-1
54,16668,-1
54,16706,-1
54,16732,-1
54,16742,-1
54,16762,-1
54,16890,-1
54,16894,-1
54,16910,-1
54,16934,-1
54,16982,-1
54,17080,-1
54,17265,-1
54,17269,-1
54,17341,-1
54,17505,-1
54,17549,-1
54,17641,-1
54,17681,-1
54,17741,-1
54,17777,-1
54,17831,-1
54,17895,-1
54,17909,-1
54,18001,-1
54,18095,-1
54,18099,-1
54,18139,-1
54,18153,-1
54,18195,-1
54,18229,-1
54,18245,-1
54,18277,-1
54,18295,-1
54,18411,-1
54,18495,-1
54,18507,-1
54,18523,-1
54,18671,-1
54,18677,-1
54,18679,-1
54,18689,-1
54,18893,-1
54,19021,-1
54,19023,-1
54,19111,-1
54,19151,-1
54,19163,-1
54,19221,-1
54,19365,-1
54,19367,-1
54,19383,-1
54,19647,-1
54,19703,-1
54,19855,-1
54,19919,-1
54,20021,-1
54,20033,-1
54,20053,-1
54,20431,-1
54,20509,-1
54,20533,-1
54,20555,-1
54,20583,-1
54,20689,-1
54,20709,-1
54,20723,-1
54,20785,-1
54,20787,-1
54,20847,-1
54,20853,-1
54,20931,-1
54,20973,-1
54,20977,-1
54,21039,-1
54,21067,-1
54,21185,-1
54,21189,-1
54,21273,-1
54,21329,-1
54,21421,-1
54,21431,-1
54,21435,-1
54,21439,-1
54,21497,-1
54,21511,-1
54,21561,-1
54,21603,-1
54,21667,-1
54,21677,-1
54,21681,-1
54,21797,-1
54,21809,-1
54,21821,-1
54,21851,-1
54,21863,-1
54,21881,-1
54,21939,-1
54,22123,-1
54,22189,-1
54,22199,-1
54,22265,-1
54,22273,-1
54,22297,-1
54,22319,-1
54,22377,-1
54,22535,-1
54,22537,-1
54,22547,-1
54,22663,-1
54,22687,-1
54,22689,-1
54,22729,-1
54,22789,-1
54,22817,-1
54,22831,-1
54,22835,-1
54,22859,-1
54,22865,-1
54,22877,-1
54,22961,-1
54,23079,-1
54,23209,-1
54,23233,-1
54,23237,-1
54,23251,-1
54,23269,-1
54,23277,-1
54,23281,-1
54,23283,-1
54,23321,-1
54,23325,-1
54,23333,-1
54,23421,-1
54,23433,-1
54,23551,-1
54,23623,-1
54,23673,-1
54,23703,-1
54,23945,-1
54,24011,-1
54,24031,-1
54,24037,-1
54,24075,-1
54,24133,-1
54,24135,-1
54,24231,-1
54,24365,-1
54,24405,-1
54,24415,-1
54,24687,-1
54,24701,-1
54,24705,-1
54,24765,-1
54,25013,-1
54,25157,-1
54,25159,-1
54,25429,-1
54,25519,-1
54,25719,-1
54,25835,-1
54,25839,-1
54,25861,-1
54,25875,-1
54,25907,-1
54,26085,-1
54,26349,-1
54,26359,-1
54,26443,-1
54,27601,-1
54,27655,-1
54,27663,-1
54,27727,-1
54,27775,-1
54,27821,-1
54,27887,-1
54,27899,-1
54,27911,-1
54,27927,-1
54,27989,-1
54,28121,-1
54,28171,-1
54,28221,-1
54,28283,-1
54,28297,-1
54,28391,-1
54,28497,-1
54,28617,-1
54,28621,-1
54,28677,-1
54,28701,-1
54,28735,-1
54,28819,-1
54,28825,-1
54,28835,-1
54,28861,-1
54,28891,-1
54,28907,-1
54,29027,-1
54,29067,-1
54,29317,-1
54,29854,-1
54,29941,-1
54,30127,-1
54,30230,-1
54,30240,-1
54,30279,-1
54,30307,-1
54,30355,-1
54,30363,-1
54,30365,-1
54,30437,-1
54,30549,-1
54,30721,-1
54,30806,-1
54,30901,-1
54,30925,-1
54,31091,-1
54,31098,-1
54,31143,-1
54,31221,-1
54,31223,-1
54,31227,-1
54,31251,-1
54,31442,-1
54,31519,-1
54,31578,-1
54,31637,-1
54,31790,-1
54,32282,-1
54,32485,-1
54,32668,-1
55,1,8
55,6,9
55,19,8
55,22,9
55,24,8
55,30,9
55,33,9
55,44,-1
55,45,9
55,66,8
55,73,8
55,185,9
55,205,8
55,223,7
55,226,7
55,245,-1
55,467,7
55,535,8
55,801,6
55,813,8
55,846,9
55,849,9
55,861,-1
55,889,9
55,1519,9
55,1535,7
55,1594,7
55,2605,8
55,4898,8
55,5114,-1
55,5682,9
55,6547,8
55,7791,8
55,9253,8
55,11771,8
55,16498,8
56,263,10
56,270,8
56,813,10
56,1292,8
56,1726,6
56,2251,8
56,6033,10
56,6746,9
56,9919,10
56,10396,7
56,10793,7
56,11757,10
56,12531,8
56,14227,8
56,14467,6
56,15809,9
57,59,8
57,120,10
57,249,10
57,853,8
57,1535,8
57,2034,9
57,2923,7
57,4224,9
57,4898,7
57,5060,7
57,5114,10
57,5262,7
57,6702,8
57,6811,10
57,7054,8
57,7082,7
57,8460,6
57,8525,9
57,9513,9
57,9756,6
57,9919,9
57,9982,8
57,10080,8
57,10620,8
57,11737,10
57,11757,7
57,11771,10
57,13759,10
57,15487,10
57,16916,10
58,154,8
58,687,6
58,1535,10
58,1604,10
58,2789,-1
58,11757,10
58,14289,9
58,15315,7
59,10620,9
60,20,9
60,121,10
60,5114,10
60,9919,8
60,16498,9
60,22319,9
61,20,7
61,48,6
61,121,8
61,149,6
61,226,8
61,243,7
61,317,9
61,528,8
61,850,7
61,934,9
61,1117,9
61,1119,9
61,1361,8
61,1532,6
61,1726,8
61,1889,7
61,2201,9
61,2842,8
61,2847,10
61,3092,8
61,3375,7
61,3457,9
61,4026,9
61,4224,10
61,4752,9
61,4898,9
61,5525,8
61,5530,7
61,6547,9
61,6877,7
61,7058,8
61,7088,5
61,8074,8
61,8449,7
61,9756,10
61,9926,9
61,10161,10
61,10620,8
61,11111,8
61,11123,9
61,11757,10
61,14123,10
62,20,7
62,164,8
62,790,9
62,853,7
62,889,9
62,1519,8
62,1535,10
62,1826,5
62,2001,10
62,2236,8
62,2593,8
62,3782,9
62,3783,8
62,4280,8
62,4437,6
62,5030,6
62,5356,9
62,5680,7
62,5681,9
62,5682,9
62,6211,9
62,6325,6
62,6547,8
62,6594,9
62,6746,10
62,6747,6
62,7059,7
62,8074,8
62,8246,6
62,8408,9
62,8460,7
62,9515,6
62,9756,9
62,9989,8
62,10087,9
62,10408,8
62,10490,6
62,10620,8
62,10681,10
62,10793,7
62,11013,7
62,11285,9
62,11741,10
62,11757,7
62,11771,10
62,11977,7
62,11979,8
62,12189,8
62,13125,9
62,13601,10
62,13667,7
62,14075,8
62,14227,8
62,14293,7
62,14353,8
62,16498,10
62,16742,7
62,16866,8
62,16894,10
62,18153,9
62,18507,8
62,19285,8
62,19669,7
62,19775,10
62,19815,8
62,20507,8
62,20583,9
62,20787,8
62,21339,10
62,21647,7
62,22199,8
62,22265,9
62,22319,8
62,22535,9
62,22729,8
62,23079,7
62,23281,10
62,23283,10
62,23755,8
62,24415,10
62,24455,8
62,25013,10
62,25157,7
62,26243,7
62,27387,6
62,27631,8
62,27655,8
62,27899,9
62,28223,8
62,28497,9
62,28625,8
62,28677,8
62,28891,10
62,30347,7
62,31043,9
62,32935,9
63,850,9
63,853,8
63,907,-1
63,3457,10
63,4752,10
63,9926,10
63,10161,10
63,11123,9
64,64,9
64,853,9
64,1050,10
64,1281,8
64,1887,10
64,2025,8
64,2963,8
64,4224,9
64,5680,9
64,8557,9
64,8795,9
64,8841,9
64,9756,10
64,9888,8
64,10165,9
64,10378,9
64,10620,9
64,10739,9
64,10790,9
64,23283,9
65,687,8
65,853,9
65,1221,8
65,2251,10
65,2766,7
65,2923,9
65,3092,8
65,3901,10
65,4898,7
65,5060,10
65,5530,8
65,5680,7
65,8479,-1
65,8769,9
65,9756,10
65,9919,10
65,9926,8
65,9989,10
65,10620,10
65,10721,10
65,11285,8
65,12883,9
65,14713,9
65,14741,10
65,14749,8
65,15195,10
66,48,9
66,51,-1
66,59,9
66,60,6
66,61,9
66,106,-1
66,121,8
66,202,6
66,210,-1
66,228,6
66,269,10
66,356,-1
66,412,5
66,430,-1
66,527,-1
66,664,7
66,762,10
66,834,-1
66,855,-1
66,873,-1
66,880,-1
66,908,7
66,934,-1
66,1007,-1
66,1008,-1
66,1184,-1
66,1535,7
66,1594,7
66,1640,-1
66,1686,-1
66,1689,-1
66,1726,7
66,1889,-1
66,2167,-1
66,2535,-1
66,2889,-1
66,2899,-1
66,3652,-1
66,3713,6
66,4081,-1
66,4181,10
66,4224,-1
66,4835,9
66,4898,5
66,5081,7
66,5114,10
66,5300,7
66,5525,7
66,6064,-1
66,6127,-1
66,6163,-1
66,6205,7
66,6280,7
66,6421,9
66,6573,5
66,6707,5
66,6746,7
66,6747,6
66,6793,-1
66,7058,-1
66,7059,8
66,7724,-1
66,7782,-1
66,7902,8
66,8068,5
66,8074,-1
66,8247,10
66,8408,6
66,8460,2
66,8525,-1
66,8795,6
66,8841,7
66,9135,8
66,9136,5
66,9515,-1
66,9919,-1
66,9989,-1
66,10076,7
66,10080,-1
66,10083,-1
66,10165,5
66,10209,-1
66,10379,10
66,10491,-1
66,10620,-1
66,10739,7
66,10790,5
66,10842,6
66,11013,7
66,11285,9
66,11553,-1
66,11597,6
66,11665,10
66,12079,9
66,13759,10
66,14075,10
66,14467,7
66,14713,7
66,14813,9
66,15313,-1
66,15437,-1
66,15689,8
66,16201,-1
66,16738,-1
67,76,9
67,10790,9
67,13659,-1
67,15605,-1
67,17831,-1
68,1,8
68,25,7
68,121,8
68,198,8
68,205,8
68,227,7
68,1535,9
68,1691,6
68,1696,7
68,2025,8
68,3588,9
68,4898,8
68,4975,7
68,5060,8
68,5114,8
68,6547,8
68,6573,9
68,6707,8
68,8074,8
68,9253,10
68,9756,7
68,9919,8
68,9941,8
68,10163,8
68,10588,8
68,10620,9
68,10798,8
68,11757,8
68,13599,9
68,16498,9
68,16662,9
68,16742,8
68,18679,8
68,21603,7
68,21881,6
68,22145,7
68,30276,8
69,1535,10
69,2025,9
69,2993,7
69,6547,9
69,7088,6
70,9253,10
71,121,9
71,205,10
71,237,10
71,523,9
71,578,9
71,849,8
71,853,10
71,1121,9
71,1575,10
71,1579,7
71,1604,9
71,1731,9
71,1943,6
71,2001,10
71,2201,9
71,2236,10
71,2847,9
71,2923,8
71,3588,10
71,3655,9
71,4081,9
71,4224,10
71,4898,10
71,5300,9
71,5306,9
71,5365,9
71,5525,8
71,6045,10
71,6172,-1
71,6178,9
71,6444,9
71,6547,10
71,6707,10
71,7054,10
71,7311,9
71,7592,9
71,7724,8
71,7769,-1
71,8769,7
71,8995,9
71,9253,-1
71,9513,9
71,9919,10
71,9989,10
71,10049,9
71,10067,9
71,10087,8
71,10589,9
71,11061,10
71,11111,8
71,11433,6
71,11741,9
71,11757,8
71,11771,9
71,12049,10
71,12355,10
71,12967,9
71,13601,8
71,13667,10
71,14227,8
71,14289,9
71,14467,8
71,14513,9
71,15085,8
71,16512,8
71,16894,10
71,18115,10
71,18507,8
71,18679,6
71,20689,7
71,22199,-1
71,23283,8
71,23755,10
71,24439,8
71,26243,-1
71,28223,9
71,28999,8
71,31043,9
72,1,7
72,20,8
72,199,7
72,392,9
72,5114,8
72,11111,7
73,19,7
73,30,8
73,71,8
73,72,8
73,73,7
73,101,8
73,164,9
73,199,9
73,355,8
73,356,8
73,416,9
73,431,8
73,457,9
73,513,9
73,523,8
73,572,9
73,578,10
73,790,7
73,849,8
73,877,8
73,934,9
73,1195,7
73,1210,7
73,1222,8
73,1530,8
73,1535,8
73,1575,9
73,1689,8
73,1691,8
73,1818,8
73,1840,7
73,1889,9
73,2026,7
73,2034,8
73,2129,8
73,2167,9
73,2236,8
73,2476,8
73,2581,8
73,2759,7
73,2787,6
73,2904,8
73,2966,9
73,3572,8
73,3652,8
73,3712,7
73,3958,8
73,4224,10
73,4654,8
73,5081,8
73,5114,9
73,5341,8
73,5355,8
73,5356,8
73,5678,8
73,5909,8
73,6045,9
73,6213,8
73,6347,9
73,6547,9
73,6634,8
73,6682,6
73,6746,8
73,6772,8
73,6773,8
73,6880,7
73,7054,7
73,7079,5
73,7647,8
73,7674,8
73,7724,8
73,7769,8
73,8074,7
73,8425,7
73,8514,8
73,8516,9
73,8525,8
73,8675,8
73,8676,8
73,8769,8
73,8841,9
73,8915,8
73,8937,9
73,9041,6
73,9252,8
73,9253,9
73,9289,8
73,9465,8
73,9471,9
73,9515,5
73,9656,9
73,9675,8
73,9724,8
73,9756,8
73,9989,9
73,10030,8
73,10067,9
73,10080,8
73,10087,9
73,10092,8
73,10163,8
73,10456,8
73,10578,6
73,10620,9
73,10719,8
73,10721,9
73,10790,9
73,10793,6
73,10800,8
73,10805,8
73,11021,6
73,11111,8
73,11319,7
73,11499,7
73,11553,8
73,11597,7
73,11741,9
73,11757,7
73,11759,7
73,11771,9
73,11785,7
73,11887,9
73,12189,8
73,12365,7
73,12445,8
73,12487,9
73,12531,9
73,13125,9
73,13333,8
73,13535,8
73,13599,8
73,13601,8
73,13655,8
73,13759,8
73,14175,9
73,14227,8
73,14289,9
73,14345,7
73,14397,8
73,14467,7
73,14513,8
73,14741,8
73,14813,9
73,14829,8
73,14833,7
73,14967,8
73,15117,8
73,15315,8
73,15583,6
73,15809,10
73,16011,10
73,16049,8
73,16067,8
73,16498,9
73,16592,7
73,16706,8
73,16742,8
73,16894,9
73,17265,7
73,17895,7
73,18115,8
73,18245,9
73,18411,-1
73,18507,8
73,18679,8
73,19117,7
73,19221,7
73,19367,6
73,20031,9
73,20507,8
73,20847,7
73,20973,9
73,21085,8
73,21329,8
74,329,9
74,967,10
74,1050,8
74,1356,10
74,1707,7
74,9756,8
74,16498,9
75,16,9
75,17,10
75,18,8
75,43,9
75,44,9
75,45,10
75,46,9
75,68,8
75,74,9
75,80,10
75,86,8
75,96,9
75,132,10
75,150,8
75,185,9
75,186,8
75,202,8
75,205,8
75,226,9
75,228,9
75,233,8
75,249,9
75,292,7
75,339,9
75,355,7
75,356,8
75,376,8
75,392,9
75,401,9
75,407,9
75,449,8
75,450,8
75,451,8
75,452,8
75,467,9
75,468,9
75,527,9
75,552,9
75,644,7
75,801,8
75,821,8
75,857,7
75,861,9
75,1023,7
75,1117,9
75,1119,9
75,1120,8
75,1122,8
75,1142,9
75,1236,8
75,1261,7
75,1281,8
75,1292,6
75,1535,10
75,1559,9
75,1562,9
75,1575,9
75,1594,8
75,1675,9
75,1691,8
75,1726,9
75,2411,8
75,2446,8
75,2581,9
75,2871,8
75,2904,9
75,2923,7
75,3059,10
75,3271,7
75,3457,7
75,3470,9
75,3713,8
75,3927,8
75,3931,8
75,4094,9
75,4558,7
75,4600,9
75,4752,7
75,4970,8
75,5040,7
75,5228,8
75,6702,8
75,6746,9
75,6811,8
75,6875,9
75,6918,9
75,6919,8
75,8074,8
75,8394,9
75,10087,8
75,11741,9
75,13019,8
75,15059,8
75,15847,9
76,164,10
76,431,10
76,578,10
76,877,10
76,2890,10
76,10161,6
77,121,7
77,164,9
77,199,10
77,431,10
77,513,8
77,523,10
77,572,9
77,585,9
77,597,10
77,759,8
77,853,9
77,1210,9
77,1535,8
77,2034,8
77,2129,9
77,2236,10
77,2890,8
77,2966,8
77,2994,8
77,3457,6
77,3588,8
77,3655,10
77,4224,7
77,4898,9
77,5114,10
77,5630,10
77,5681,9
77,6045,7
77,6372,10
77,6547,8
77,6637,10
77,6707,8
77,6746,10
77,6880,9
77,6927,9
77,7059,7
77,7311,7
77,7711,10
77,7724,8
77,8068,9
77,8230,9
77,8408,8
77,8460,9
77,8769,6
77,9002,7
77,9062,7
77,9656,7
77,9760,8
77,9919,9
77,9989,7
77,10161,9
77,10178,7
77,10408,10
77,10418,9
77,10620,9
77,10647,10
77,10719,8
77,10793,9
77,10897,9
77,11111,8
77,11266,10
77,11285,6
77,11499,8
77,11633,9
77,11701,9
77,11737,9
77,11757,8
77,11843,10
77,12355,8
77,12503,8
77,12531,9
77,12893,9
77,13055,9
77,13601,10
77,13807,7
77,14027,8
77,14227,9
77,14289,9
77,14353,8
77,14467,9
77,14513,10
77,14741,8
77,14813,7
77,14967,9
77,15037,8
77,15039,10
77,15439,6
77,15605,8
77,15687,8
77,15809,9
77,15879,7
77,16009,8
77,16033,10
77,16035,9
77,16067,9
77,16353,9
77,16498,8
77,16592,8
77,16662,10
77,16694,8
77,16742,7
77,16762,9
77,16782,10
77,16866,9
77,16868,9
77,16934,9
77,17082,10
77,17121,9
77,17409,7
77,17513,7
77,17777,8
77,17895,8
77,18115,10
77,18153,9
77,18397,10
77,18441,9
77,18507,8
77,18671,9
77,18753,8
77,18897,8
77,19429,9
77,19671,9
77,20021,7
77,20457,8
77,20507,10
77,20541,8
77,20689,8
77,20767,7
77,21105,8
77,21241,8
77,21327,7
77,21405,7
77,21431,8
77,21507,7
77,21557,9
77,21603,7
77,21797,8
77,21881,7
77,21995,7
77,22057,8
77,22097,7
77,22145,8
77,22265,9
77,22319,8
77,22535,7
77,22745,9
77,23079,7
77,23281,7
77,23283,10
77,23385,9
77,23673,7
77,24151,8
77,24227,7
77,27775,9
77,28223,10
77,28297,8
77,28677,10
77,30015,9
77,30458,7
77,31043,10
77,31414,8
77,31478,8
77,31580,9
77,31798,9
77,31904,7
77,32438,4
77,32668,7
77,32729,9
77,32998,8
77,33241,7
77,34240,6
78,4224,10
78,18153,9
79,20,9
79,71,8
79,121,9
79,164,10
79,195,9
79,196,8
79,199,10
79,202,9
79,226,9
79,270,9
79,387,10
79,390,9
79,431,9
79,437,8
79,443,8
79,457,10
79,486,10
79,512,9
79,523,9
79,524,8
79,572,10
79,578,10
79,585,9
79,591,5
79,777,10
79,886,5
79,1140,10
79,1212,8
79,1222,7
79,1535,9
79,1571,8
79,1689,10
79,1749,5
79,2025,9
79,2236,10
79,2926,7
79,2966,9
79,3167,8
79,4081,9
79,4182,9
79,5114,10
79,5300,9
79,5341,9
79,5630,10
79,6007,9
79,6045,9
79,6164,9
79,6372,10
79,6547,10
79,6573,8
79,6637,10
79,7338,9
79,8074,4
79,8676,8
79,9117,7
79,9253,10
79,9289,8
79,9656,9
79,9741,6
79,9989,9
79,10162,10
79,10379,9
79,10408,10
79,10863,10
79,11111,9
79,11235,7
79,11313,9
79,11433,8
79,11499,7
79,11665,9
79,11701,9
79,11757,6
79,11887,10
79,12189,10
79,12669,7
79,13055,7
79,13601,8
79,13807,6
79,14227,8
79,14289,8
79,14741,9
79,15037,8
79,16001,10
79,16067,9
79,16498,8
79,16782,10
79,17741,7
79,18119,8
79,18153,9
79,18671,8
79,20649,7
79,21327,8
79,21329,10
79,21881,7
79,21939,10
79,21995,8
79,22319,8
79,23273,10
79,23281,7
79,24687,10
79,24701,10
79,27899,8
79,28623,6
79,30276,8
79,31043,8
79,31163,7
79,31580,9
79,31859,8
80,1,10
80,20,9
80,30,10
80,32,10
80,121,8
80,134,9
80,164,10
80,199,10
80,210,8
80,223,9
80,226,10
80,249,8
80,268,8
80,269,10
80,288,9
80,376,8
80,430,8
80,431,10
80,449,7
80,450,7
80,451,7
80,452,7
80,481,8
80,513,10
80,523,10
80,527,9
80,528,10
80,552,8
80,790,10
80,813,10
80,1117,9
80,1118,9
80,1119,8
80,1120,7
80,1121,6
80,1122,6
80,1210,10
80,1292,10
80,1313,8
80,1469,6
80,1526,7
80,1535,10
80,1668,9
80,1669,9
80,1816,9
80,1894,8
80,2006,8
80,2026,8
80,2476,8
80,2926,8
80,2961,9
80,2966,10
80,3231,9
80,3455,7
80,4192,8
80,4765,9
80,4886,8
80,4970,10
80,5081,10
80,5114,10
80,5341,10
80,5458,8
80,5667,7
80,5958,9
80,6007,10
80,6033,10
80,6811,9
80,6884,10
80,6948,9
80,6951,6
80,7858,9
80,8407,9
80,8525,10
80,8675,8
80,8769,9
80,8876,9
80,9041,9
80,9756,10
80,9790,9
80,10020,9
80,10080,10
80,10263,9
80,10719,8
80,10794,9
80,10897,8
80,11179,9
80,11597,10
80,11617,10
80,11633,8
80,11757,9
80,11759,10
80,11785,9
80,11887,10
80,12467,9
80,12549,9
80,12673,9
80,13201,6
80,13357,9
80,13367,8
80,13659,9
80,13759,8
80,13859,7
80,13939,9
80,14027,8
80,14131,9
80,14227,8
80,14345,9
80,14741,9
80,14749,8
80,14811,8
80,14813,10
80,14893,9
80,15225,9
80,15379,8
80,15451,10
80,15689,10
80,15699,9
80,15809,10
80,16001,10
80,16099,8
80,16199,8
80,16498,10
80,16662,-1
80,16668,10
80,16706,10
80,16742,8
80,16934,9
80,17074,10
80,17265,10
80,17743,9
80,17777,9
80,17831,9
80,17909,10
80,18119,10
80,18139,10
80,18677,9
80,18753,9
80,18857,7
80,18893,10
80,18897,10
80,19221,9
80,19285,9
80,19383,10
80,19685,9
80,19769,8
80,19815,10
80,19855,9
80,20021,9
80,20159,10
80,20541,9
80,20545,9
80,20853,9
80,20931,9
80,20977,10
80,21085,9
80,21431,10
80,21561,9
80,21679,-1
80,21855,10
80,21863,9
80,22071,8
80,22199,10
80,22865,9
80,22877,9
80,23945,9
80,27821,9
81,1,8
81,6,8
81,121,8
81,226,5
81,227,5
81,269,7
81,437,7
81,731,10
81,777,9
81,853,10
81,1535,5
81,1575,9
81,1690,8
81,2001,8
81,2025,9
81,2167,10
81,2236,9
81,2251,10
81,2593,8
81,2904,9
81,2986,9
81,3342,4
81,3782,8
81,3783,8
81,3901,10
81,4181,10
81,4182,8
81,4224,8
81,4280,8
81,4282,8
81,4898,9
81,5114,10
81,5204,6
81,5205,9
81,5356,6
81,5630,6
81,5681,9
81,6421,8
81,6547,7
81,6573,6
81,6624,8
81,6707,4
81,6746,10
81,6747,7
81,6954,8
81,7338,7
81,7674,9
81,7724,7
81,8408,10
81,8525,9
81,9253,10
81,9756,8
81,9919,8
81,10030,9
81,10067,7
81,10080,8
81,10087,9
81,10162,9
81,10408,9
81,10620,8
81,10805,8
81,10863,8
81,11113,8
81,11633,8
81,11737,7
81,11741,9
81,12355,9
81,12365,9
81,13125,6
81,14227,4
81,14807,8
81,15117,8
81,16498,9
81,16706,8
81,16762,8
81,17265,9
81,18397,8
81,18441,7
81,18507,7
81,19671,7
81,20159,7
81,20507,9
81,20583,9
81,21105,8
81,22145,8
81,22265,7
81,22763,8
81,23199,9
81,23283,8
81,23441,7
81,25303,9
81,28891,9
81,31964,9
81,32182,8
82,30,6
82,138,9
82,508,-1
82,918,10
82,2472,7
82,5114,10
82,6746,8
82,6895,10
82,7472,9
82,7720,8
82,9735,9
82,10162,-1
82,11757,7
82,12859,-1
82,15335,-1
82,15417,10
82,16498,-1
83,634,10
83,819,7
84,121,8
84,199,10
84,408,8
84,430,9
84,528,8
84,589,-1
84,664,-1
84,908,9
84,1117,10
84,1361,5
84,1535,9
84,2034,9
84,2952,9
84,4898,10
84,5114,10
84,6151,9
84,6421,8
84,6707,6
84,6793,7
84,7902,7
84,12189,9
84,12883,10
84,13469,7
84,13601,9
84,18507,-1
84,21339,8
84,22265,9
84,22687,5
84,23281,8
85,223,10
85,356,8
85,481,10
85,527,10
85,777,10
85,1535,8
85,2762,10
85,10087,10
85,11757,10
85,11759,9
86,121,10
86,263,-1
87,317,7
87,431,10
87,512,7
87,528,10
87,1535,10
87,1689,8
87,2001,10
87,2201,7
87,4026,8
87,4224,8
87,5081,10
87,5114,10
87,5680,10
87,6880,9
87,6956,10
87,7695,9
87,7791,9
87,8525,9
87,8769,8
87,9617,9
87,9756,10
87,9989,10
87,10165,10
87,10495,9
87,10521,10
87,10719,9
87,11013,9
87,11111,7
87,11491,9
87,11633,10
87,11757,10
87,11843,10
87,11887,9
87,12403,10
87,12467,9
87,13377,9
87,14227,10
87,14741,10
87,14749,6
87,15109,7
87,15335,10
87,15379,10
87,15809,10
87,15911,9
87,16001,9
87,16498,10
87,16524,9
87,16742,10
87,17549,9
87,18119,10
87,18153,8
87,18507,10
87,18679,10
87,19221,10
87,19319,10
87,19815,9
87,20021,5
87,20033,9
87,20583,10
87,21327,6
87,21569,6
87,22265,10
87,23289,9
88,20,9
88,121,10
88,223,10
88,225,9
88,226,10
88,376,9
88,430,10
88,481,8
88,527,10
88,528,10
88,550,10
88,813,10
88,1117,10
88,1118,10
88,1119,9
88,1120,9
88,1121,9
88,1122,9
88,1210,9
88,1526,9
88,1535,10
88,1564,10
88,1894,10
88,2201,9
88,2476,2
88,2847,9
88,4026,9
88,6178,9
88,8525,9
88,9135,10
88,9919,8
88,10080,9
88,10800,9
88,11111,9
88,11701,7
88,11757,10
88,11887,9
88,14397,9
88,16680,9
89,121,-1
89,142,-1
89,210,-1
89,223,-1
89,225,-1
89,226,-1
89,249,-1
89,288,-1
89,352,-1
89,430,-1
89,449,-1
89,450,-1
89,451,-1
89,452,-1
89,527,-1
89,530,-1
89,550,-1
89,552,-1
89,779,-1
89,780,-1
89,781,-1
89,813,-1
89,849,-1
89,853,-1
89,934,-1
89,1313,-1
89,1363,-1
89,1364,-1
89,1365,-1
89,1366,-1
89,1367,-1
89,1368,-1
89,1369,-1
89,1469,-1
89,1505,-1
89,1506,-1
89,2034,-1
89,2171,-1
89,2281,-1
89,2397,-1
89,2398,-1
89,2512,-1
89,2513,-1
89,2514,-1
89,2515,-1
89,2597,-1
89,2961,-1
89,3053,-1
89,4447,-1
89,5114,-1
89,5460,-1
89,6115,-1
89,6198,-1
89,6421,-1
89,6438,-1
89,6467,-1
89,6702,-1
89,6811,-1
89,7054,-1
89,7902,-1
89,8609,-1
89,9135,-1
89,9366,-1
89,9919,-1
89,9963,-1
89,10298,-1
89,10647,-1
89,10703,-1
89,11266,-1
89,12117,-1
89,14735,-1
89,15037,-1
89,16498,-1
90,20,-1
90,68,-1
90,79,-1
90,133,-1
90,154,-1
90,196,-1
90,226,-1
90,246,-1
90,269,-1
90,390,-1
90,1195,-1
90,1469,-1
90,1535,-1
90,1686,-1
90,1722,-1
90,1726,-1
90,1840,-1
90,2472,-1
90,2476,-1
90,2889,-1
90,2993,-1
90,3503,-1
90,3712,-1
90,4063,-1
90,4214,-1
90,4437,-1
90,4835,-1
90,5112,-1
90,5277,-1
90,6287,-1
90,6325,-1
90,6500,-1
90,6702,-1
90,6791,-1
90,6987,-1
90,7593,-1
90,8074,-1
90,8246,-1
90,8247,-1
90,8460,-1
90,8577,-1
90,8675,-1
90,8861,-1
90,9041,-1
90,9367,-1
90,9379,-1
90,9515,-1
90,9736,-1
90,10073,-1
90,10397,-1
90,10589,-1
90,10620,-1
90,11061,10
90,11319,-1
90,11499,-1
90,11617,-1
90,11757,10
90,12549,-1
90,12729,-1
90,13201,-1
90,13357,-1
90,13667,-1
90,16498,10
90,16742,-1
90,16762,-1
90,17157,-1
90,18397,10
90,19285,-1
90,19391,-1
90,20021,-1
90,20507,10
90,21881,-1
90,22043,10
90,22319,10
90,23775,-1
90,25781,-1
90,27899,10
90,30458,10
90,30503,10
90,31297,-1
90,31374,-1
91,530,-1
91,1535,10
91,7593,7
91,7817,7
91,9756,-1
91,11111,8
91,11617,8
91,12859,10
92,457,9
92,2993,9
92,3588,10
93,412,5
93,857,7
93,2104,7
93,2951,9
93,3464,5
93,3503,5
93,3561,7
93,4163,8
93,4654,7
93,5030,-1
93,5279,6
93,5525,8
93,5530,7
93,5909,7
93,5958,8
93,6213,7
93,6347,8
93,6512,7
93,6547,8
93,6682,6
93,6896,7
93,6945,7
93,7088,5
93,7148,6
93,7472,9
93,7739,7
93,7769,7
93,8407,8
93,8516,8
93,8525,8
93,8675,8
93,8841,10
93,8918,4
93,8937,8
93,9041,8
93,9047,-1
93,9201,6
93,9367,6
93,9379,8
93,9471,8
93,9750,5
93,9790,8
93,9863,10
93,9919,8
93,9936,5
93,10080,8
93,10110,7
93,10155,7
93,10209,8
93,10464,8
93,10589,7
93,10638,7
93,10719,8
93,10790,10
93,10793,9
93,10794,7
93,10805,10
93,10897,6
93,11179,7
93,11266,7
93,11499,8
93,11617,7
93,11633,8
93,11737,7
93,11743,8
93,11757,9
93,11783,7
93,11843,10
93,11933,8
93,12189,10
93,12783,7
93,12893,8
93,13055,6
93,13367,6
93,13469,8
93,13655,8
93,13667,8
93,13759,8
93,14027,7
93,14199,7
93,14467,7
93,14741,8
93,14749,6
93,14811,7
93,14813,10
93,14967,8
93,15117,7
93,15315,7
93,15335,10
93,15437,7
93,15451,7
93,15583,8
93,15719,8
93,15809,9
93,16011,7
93,16049,8
93,16157,8
93,16353,10
93,16395,8
93,16444,8
93,16498,9
93,16512,8
93,16524,7
93,16668,7
93,16706,9
93,16934,7
93,17247,7
93,17641,8
93,17725,7
93,17831,7
93,18119,10
93,18195,8
93,18247,8
93,18277,6
93,18441,7
93,18671,9
93,18753,10
93,18767,5
93,18897,9
93,19163,8
93,19221,7
93,19369,8
93,19685,6
93,19759,8
93,19769,6
93,19815,9
93,20021,7
93,20785,9
93,20787,7
93,20847,7
93,21033,7
93,21167,8
93,21353,7
93,21405,8
93,21863,9
93,21881,7
93,22729,9
93,22789,10
93,22865,6
93,22877,7
93,22961,7
93,23289,8
94,60,10
94,199,10
94,226,8
94,270,10
94,272,5
94,412,8
94,529,10
94,861,9
94,1177,6
94,1195,8
94,1571,8
94,1573,9
94,1840,8
94,3588,9
94,3712,8
94,5835,8
94,6610,6
94,6702,10
94,8277,7
94,9919,9
94,10321,9
94,10408,9
94,10620,9
94,12711,8
94,14713,9
94,15085,6
94,15377,7
94,15605,7
94,16009,8
94,16524,8
94,20507,10
94,20541,7
94,20853,8
94,21439,7
94,21563,9
94,22535,9
94,24231,8
94,28907,7
94,29803,10
94,29976,9
94,30503,10
95,20,7
95,43,8
95,164,9
95,185,6
95,186,6
95,187,6
95,199,10
95,237,8
95,245,7
95,355,8
95,408,8
95,416,10
95,430,9
95,431,10
95,512,10
95,523,10
95,528,6
95,572,7
95,578,10
95,585,9
95,589,9
95,597,10
95,743,7
95,777,10
95,915,8
95,1030,8
95,1117,6
95,1118,6
95,1210,10
95,1482,7
95,1689,8
95,1829,9
95,1887,10
95,2025,9
95,2167,10
95,2251,9
95,2418,10
95,2476,8
95,2787,8
95,2890,10
95,2952,10
95,3089,8
95,3588,9
95,3667,10
95,3958,8
95,4181,10
95,4186,5
95,4224,10
95,4654,9
95,5114,9
95,5525,7
95,5680,10
95,5909,7
95,6213,9
95,6381,10
95,6547,8
95,6572,8
95,6573,10
95,6880,7
95,7711,10
95,7791,10
95,8425,8
95,8675,8
95,8769,10
95,8937,9
95,9135,9
95,9253,10
95,9617,10
95,9751,10
95,9756,9
95,9989,9
95,10029,8
95,10396,9
95,10495,9
95,10620,8
95,10719,9
95,10793,7
95,11111,10
95,11285,9
95,11757,10
95,12189,9
95,12317,9
95,12413,8
95,12467,10
95,12471,7
95,12679,7
95,13331,8
95,13659,10
95,14131,9
95,14173,10
95,14741,10
95,14967,9
95,15379,9
95,15911,9
95,16355,9
95,16417,10
95,16592,-1
95,18229,-1
96,20,10
96,241,9
96,487,8
96,853,9
96,2248,7
96,3092,8
96,3210,8
96,4814,9
96,7598,8
96,9834,8
96,9926,9
97,6,8
97,20,6
97,226,7
97,249,7
97,269,9
97,270,9
97,550,5
97,813,9
97,1195,8
97,1412,7
97,1535,10
97,1575,9
97,1691,7
97,1818,8
97,2001,9
97,2904,9
97,2966,8
97,3588,7
97,4898,9
97,5081,8
97,5114,9
97,5341,8
97,5958,7
97,6205,7
97,6547,6
97,6682,7
97,6707,9
97,6811,8
97,6880,8
97,8407,7
97,8425,7
97,9367,8
97,10087,9
97,10163,9
97,10620,8
97,10793,7
97,11617,7
97,11757,9
97,12413,7
97,12549,7
97,15315,9
98,66,10
98,74,8
98,103,6
98,120,7
98,136,-1
98,137,-1
98,242,9
98,355,9
98,392,-1
98,849,9
98,853,9
98,883,-1
98,918,9
98,957,10
98,1195,10
98,1535,10
98,1562,10
98,1575,9
98,1579,-1
98,1691,9
98,1698,8
98,1744,8
98,1887,10
98,1914,9
98,1953,9
98,2026,-1
98,2034,10
98,2126,-1
98,2167,10
98,2685,-1
98,2904,9
98,2923,10
98,3389,6
98,3392,-1
98,3457,9
98,3470,10
98,3588,10
98,3731,7
98,4155,9
98,4181,7
98,4224,9
98,4382,8
98,4551,9
98,4654,8
98,4722,9
98,4752,9
98,4898,10
98,5060,9
98,5163,8
98,5530,-1
98,5680,9
98,6045,10
98,6211,-1
98,6213,-1
98,6347,9
98,6547,9
98,6586,9
98,6702,10
98,6707,8
98,7054,10
98,7791,-1
98,8023,-1
98,8074,9
98,8425,10
98,8516,8
98,8525,9
98,8630,-1
98,8728,8
98,8769,9
98,8861,8
98,8876,9
98,8894,7
98,8937,-1
98,9047,-1
98,9181,9
98,9366,9
98,9441,9
98,9656,10
98,9756,-1
98,9969,-1
98,9982,10
98,9989,10
98,10020,-1
98,10067,8
98,10080,9
98,10298,-1
98,10321,10
98,10460,9
98,10568,-1
98,11013,9
98,11617,9
98,11743,-1
98,11757,9
98,11759,9
98,11771,10
98,11887,9
98,12049,9
98,12189,10
98,12685,9
98,12711,10
98,13403,10
98,13659,-1
98,13759,-1
98,13939,-1
98,14227,9
98,14289,10
98,14653,9
98,14713,9
98,15085,8
98,15117,-1
98,15487,-1
98,15583,9
98,15605,9
98,16001,-1
98,16049,-1
98,16498,-1
98,16592,8
98,16866,9
98,16868,9
98,16894,10
98,16916,-1
98,17259,-1
98,17265,-1
98,17409,-1
98,17513,10
98,18393,10
98,19669,-1
98,19815,-1
98,20371,10
98,20655,9
98,20815,10
98,21563,8
98,21603,8
98,22145,10
98,23317,10
98,23333,9
98,23673,10
98,25681,9
99,20,5
99,30,10
99,32,10
99,43,7
99,47,7
99,101,6
99,121,8
99,189,4
99,199,9
99,205,7
99,225,3
99,226,4
99,227,7
99,232,7
99,256,6
99,288,2
99,339,7
99,356,5
99,372,6
99,384,5
99,417,4
99,430,5
99,437,7
99,442,2
99,481,5
99,523,7
99,527,5
99,528,5
99,538,5
99,552,5
99,578,7
99,696,5
99,813,6
99,849,7
99,896,3
99,1117,3
99,1210,6
99,1303,5
99,1313,5
99,1462,5
99,1530,7
99,1535,6
99,1564,3
99,1575,9
99,1689,9
99,1943,7
99,2001,8
99,2167,8
99,2236,8
99,2330,4
99,2476,1
99,2593,6
99,2759,6
99,2904,9
99,3782,7
99,3783,7
99,3784,7
99,3785,3
99,4059,6
99,4081,8
99,4181,10
99,4224,8
99,4280,6
99,4282,8
99,4382,6
99,5081,7
99,5114,10
99,5204,6
99,5205,7
99,5300,8
99,6351,6
99,6547,6
99,6746,7
99,6954,6
99,7311,7
99,8769,3
99,9253,9
99,9756,7
99,9989,6
99,10020,4
99,10087,7
99,10162,6
99,10379,8
99,10408,8
99,10863,6
99,11577,7
99,11597,6
99,11665,8
99,11741,7
99,11757,2
99,11981,7
99,12361,2
99,12531,8
99,13601,8
99,13659,3
99,15039,5
99,15689,6
99,16067,7
99,16201,6
99,16498,6
99,16742,6
99,16782,7
99,17729,5
99,18857,1
99,19315,1
99,19815,4
99,20449,5
99,20651,6
99,21845,2
99,22147,4
99,22297,5
99,22535,6
99,22729,6
99,22839,5
99,23209,2
99,23273,6
99,23281,3
99,23283,6
99,23289,5
99,23755,4
99,25731,2
99,27655,2
99,27821,5
99,28701,4
99,29101,2
99,29317,2
99,31043,4
99,31240,5
99,32188,6
99,32281,5
99,34240,3
100,1281,10
100,6746,10
100,8074,9
100,9919,10
100,11757,10
